threshold,precision,recall,f1_illicit,f1_macro,mcc,tp,fp,tn,fn,fpr,fnr,roc_auc,pr_auc,model,dgi_regime,seed,time_step,n_nodes,n_illicit
0.5854969623037514,0.8730964467005076,0.7196652719665272,0.7889908256880734,0.8826152475547806,0.7699009659120234,172,25,1890,67,0.01305483028720626,0.28033472803347165,0.93709865955843,0.8541193989136806,fusion,transductive,42,42,2154,239
0.5854969623037514,0.0,0.0,0.0,0.49427833148763384,-0.00956938842255011,0,7,1339,24,0.005200594353640412,0.9999999999999584,0.8270492818226844,0.07975414328892391,fusion,transductive,42,43,1370,24
0.5854969623037514,0.15384615384615385,0.08333333333333333,0.10810810810810811,0.5488076311605723,0.1033276618466827,2,11,1556,22,0.007019783024888318,0.9166666666666285,0.607716443309934,0.04492536172336246,fusion,transductive,42,44,1591,24
0.5854969623037514,0.0,0.0,0.0,0.497737556561086,-0.004506150586965627,0,6,1210,5,0.004934210526315786,0.9999999999997999,0.8741776315789473,0.022496176267786626,fusion,transductive,42,45,1221,5
0.5854969623037514,0.25,0.5,0.3333333333333333,0.6652562294311236,0.3510604154472902,1,3,707,1,0.00422535211267605,0.49999999999975,0.9612676056338028,0.5175438596491229,fusion,transductive,42,46,712,2
0.5854969623037514,0.0,0.0,0.0,0.49280575539568344,-0.00795410846866648,0,2,822,22,0.0024271844660194147,0.9999999999999546,0.7111650485436893,0.06335734519393385,fusion,transductive,42,47,846,22
0.5854969623037514,0.6666666666666666,0.1111111111111111,0.19047619047619047,0.5763492063492064,0.2523469533803008,4,2,433,32,0.004597701149425277,0.8888888888888642,0.9166666666666666,0.43296123215259463,fusion,transductive,42,48,471,36
0.5854969623037514,0.0,0.0,0.0,0.4669652855543113,-0.029080336345115265,0,3,417,56,0.007142857142857125,0.9999999999999821,0.6849064625850341,0.16577895857969271,fusion,transductive,42,49,476,56
0.9013403635435607,0.8877551020408163,0.7280334728033473,0.8,0.8887683965917894,0.7825148080356183,174,22,1893,65,0.011488250652741509,0.2719665271966516,0.9507849284988584,0.8563346717849687,gat_zero_dgi,transductive,42,42,2154,239
0.9013403635435607,0.0,0.0,0.0,0.49409158050221563,-0.01023386139323978,0,8,1338,24,0.005943536404160472,0.9999999999999584,0.8261206042595344,0.05260637369432145,gat_zero_dgi,transductive,42,43,1370,24
0.9013403635435607,0.0625,0.041666666666666664,0.05,0.5189528962444303,0.03920729502182368,1,15,1552,23,0.00957243139757498,0.9583333333332935,0.5718995958306743,0.02527632169441457,gat_zero_dgi,transductive,42,44,1591,24
0.9013403635435607,0.0,0.0,0.0,0.4971169686985173,-0.005525710902651071,0,9,1207,5,0.007401315789473679,0.9999999999997999,0.9233552631578947,0.0316653084794235,gat_zero_dgi,transductive,42,45,1221,5
0.9013403635435607,0.0,0.0,0.0,0.497529992942837,-0.004463351795852648,0,5,705,2,0.00704225352112675,0.9999999999995,0.9633802816901409,0.05333333333333333,gat_zero_dgi,transductive,42,46,712,2
0.9013403635435607,0.0,0.0,0.0,0.4918918918918919,-0.012598961210367401,0,5,819,22,0.006067961165048536,0.9999999999999546,0.7849183583406885,0.06134660458775786,gat_zero_dgi,transductive,42,47,846,22
0.9013403635435607,0.8,0.1111111111111111,0.1951219512195122,0.579247990038169,0.28209523545901904,4,1,434,32,0.0022988505747126384,0.8888888888888642,0.9014048531289911,0.3575881302166253,gat_zero_dgi,transductive,42,48,471,36
0.9013403635435607,0.0,0.0,0.0,0.46275395033860045,-0.05349046951599404,0,10,410,56,0.023809523809523753,0.9999999999999821,0.5035714285714286,0.10857669000652351,gat_zero_dgi,transductive,42,49,476,56
0.8942886863902588,0.8841463414634146,0.606694560669456,0.7196029776674938,0.8453328588721591,0.7067144365973872,145,19,1896,94,0.009921671018276759,0.3933054393305423,0.9512350197188022,0.8303692251941021,gat,transductive,42,42,2154,239
0.8942886863902588,0.0,0.0,0.0,0.4952100221075903,-0.005105697026215995,0,2,1344,24,0.001485884101040118,0.9999999999999584,0.8077637444279346,0.042708251265449484,gat,transductive,42,43,1370,24
0.8942886863902588,0.0,0.0,0.0,0.4945997458703939,-0.009842494655864804,0,10,1557,24,0.006381620931716652,0.9999999999999584,0.5656243352478196,0.01837623232391634,gat,transductive,42,44,1591,24
0.8942886863902588,0.0,0.0,0.0,0.49524596940884663,-0.007843712260396072,0,18,1198,5,0.014802631578947357,0.9999999999997999,0.8618421052631579,0.022891346989111383,gat,transductive,42,45,1221,5
0.8942886863902588,0.0,0.0,0.0,0.49929676511954996,0.0,0,0,710,2,0.0,0.9999999999995,0.9471830985915493,0.0375,gat,transductive,42,46,712,2
0.8942886863902588,0.0,0.0,0.0,0.49310964649490713,-0.005621075001548533,0,1,823,22,0.0012135922330097073,0.9999999999999546,0.6961606354810238,0.040587501757728885,gat,transductive,42,47,846,22
0.8942886863902588,0.4,0.05555555555555555,0.0975609756097561,0.5282477464064319,0.1261482214904768,2,3,432,34,0.0068965517241379145,0.9444444444444181,0.8566411238825031,0.2459532311100927,gat,transductive,42,48,471,36
0.8942886863902588,0.0,0.0,0.0,0.4503464203233256,-0.09470274476207567,0,30,390,56,0.07142857142857126,0.9999999999999821,0.3186649659863946,0.08219008666989716,gat,transductive,42,49,476,56
0.5509683003397606,0.90625,0.606694560669456,0.7268170426065163,0.8494663366012882,0.7172776240240061,145,15,1900,94,0.007832898172323756,0.3933054393305423,0.9332335558298829,0.8244476412326696,gcn,transductive,42,42,2154,239
0.5509683003397606,0.03571428571428571,0.041666666666666664,0.038461538461538464,0.509930173992674,0.02003419968839189,1,27,1319,23,0.020059435364041592,0.9583333333332935,0.6049096087171868,0.030159040349308434,gcn,transductive,42,43,1370,24
0.5509683003397606,0.1111111111111111,0.041666666666666664,0.06060606060606061,0.5253808327800071,0.059420743935002865,1,8,1559,23,0.005105296745373322,0.9583333333332935,0.5478355669006595,0.06459583713042256,gcn,transductive,42,44,1591,24
0.5509683003397606,0.0,0.0,0.0,0.49815043156596794,-0.0036762320861047425,0,4,1212,5,0.003289473684210524,0.9999999999997999,0.7652960526315788,0.011880909929549373,gcn,transductive,42,45,1221,5
0.5509683003397606,0.0,0.0,0.0,0.49859154929577465,-0.0028169014084507044,0,2,708,2,0.0028169014084507,0.9999999999995,0.5063380281690141,0.08476599808978032,gcn,transductive,42,46,712,2
0.5509683003397606,0.0,0.0,0.0,0.49310964649490713,-0.005621075001548533,0,1,823,22,0.0012135922330097073,0.9999999999999546,0.738857016769638,0.06417662932265245,gcn,transductive,42,47,846,22
0.5509683003397606,0.0,0.0,0.0,0.47955801104972373,-0.013269595761744867,0,1,434,36,0.0022988505747126384,0.9999999999999721,0.917624521072797,0.5017778106543044,gcn,transductive,42,48,471,36
0.5509683003397606,1.0,0.017857142857142856,0.03508771929824561,0.4868176026658826,0.12565617248750865,1,0,420,55,0.0,0.9821428571428396,0.7561649659863945,0.21916647258699537,gcn,transductive,42,49,476,56
0.7341485905320676,0.9044943820224719,0.6736401673640168,0.7721822541966427,0.8738834683987582,0.7583097340348967,161,17,1898,78,0.008877284595300256,0.3263598326359819,0.9545265848782459,0.794173967963646,sage,transductive,42,42,2154,239
0.7341485905320676,0.0,0.0,0.0,0.49278045168456125,-0.014049441905298157,0,15,1331,24,0.011144130757800883,0.9999999999999584,0.8215081723625557,0.05434229695428422,sage,transductive,42,43,1370,24
0.7341485905320676,0.07692307692307693,0.041666666666666664,0.05405405405405406,0.5214626391096979,0.046047414460594835,1,12,1555,23,0.007657945118059983,0.9583333333332935,0.6335620080833866,0.029841319850001692,sage,transductive,42,44,1591,24
0.7341485905320676,0.0,0.0,0.0,0.49856262833675563,-0.0025973552855766526,0,2,1214,5,0.001644736842105262,0.9999999999997999,0.8157894736842105,0.01839319230022265,sage,transductive,42,45,1221,5
0.7341485905320676,0.0,0.0,0.0,0.4989444053483462,-0.0019904488565202906,0,1,709,2,0.00140845070422535,0.9999999999995,0.5352112676056338,0.01226167449571705,sage,transductive,42,46,712,2
0.7341485905320676,0.0,0.0,0.0,0.49280575539568344,-0.00795410846866648,0,2,822,22,0.0024271844660194147,0.9999999999999546,0.8827228596646073,0.12302000648373987,sage,transductive,42,47,846,22
0.7341485905320676,0.0,0.0,0.0,0.47955801104972373,-0.013269595761744867,0,1,434,36,0.0022988505747126384,0.9999999999999721,0.909514687100894,0.3377637808594041,sage,transductive,42,48,471,36
0.7341485905320676,0.1111111111111111,0.017857142857142856,0.03076923076923077,0.47987165033388257,-0.0028161752517583253,1,8,412,55,0.019047619047619,0.9821428571428396,0.4366921768707483,0.10232848822482196,sage,transductive,42,49,476,56
0.876345112249109,0.8564356435643564,0.7238493723849372,0.7845804988662132,0.8800068255903344,0.7635433804945554,173,29,1886,66,0.015143603133159262,0.2761506276150616,0.9465789789921014,0.8377578479694149,fusion,transductive,43,42,2154,239
0.876345112249109,0.0,0.0,0.0,0.49278045168456125,-0.014049441905298157,0,15,1331,24,0.011144130757800883,0.9999999999999584,0.7269068845963348,0.034081509021083915,fusion,transductive,43,43,1370,24
0.876345112249109,0.02702702702702703,0.041666666666666664,0.03278688524590164,0.5069413439366324,0.015117808392430739,1,36,1531,23,0.022973835354179947,0.9583333333332935,0.5424377791959158,0.029906073399920484,fusion,transductive,43,44,1591,24
0.876345112249109,0.0,0.0,0.0,0.49461920529801323,-0.008482761156728701,0,21,1195,5,0.01726973684210525,0.9999999999997999,0.8888157894736842,0.02037319781506569,fusion,transductive,43,45,1221,5
0.876345112249109,0.1111111111111111,0.5,0.18181818181818182,0.5877243775332948,0.2315348563590483,1,8,702,1,0.0112676056338028,0.49999999999975,0.9422535211267606,0.5119047619047619,fusion,transductive,43,46,712,2
0.876345112249109,0.0,0.0,0.0,0.49005424954792043,-0.01875429916024684,0,11,813,22,0.01334951456310678,0.9999999999999546,0.691747572815534,0.04268897718864834,fusion,transductive,43,47,846,22
0.876345112249109,0.2,0.08333333333333333,0.11764705882352941,0.5335710041592394,0.08435101522154324,3,12,423,33,0.027586206896551658,0.9166666666666412,0.8537675606641124,0.24045456430220657,fusion,transductive,43,48,471,36
0.876345112249109,0.014285714285714285,0.017857142857142856,0.015873015873015872,0.43287597524885657,-0.13320865622886446,1,69,351,55,0.1642857142857139,0.9821428571428396,0.451828231292517,0.10028880746349998,fusion,transductive,43,49,476,56
0.8351568033783869,0.8814432989690721,0.7154811715481172,0.789838337182448,0.8831772331073531,0.7717923500857388,171,23,1892,68,0.01201044386422976,0.28451882845188164,0.9450517277166611,0.8427451881711948,gat_zero_dgi,transductive,43,42,2154,239
0.8351568033783869,0.0,0.0,0.0,0.49502395871728716,-0.006255463019160538,0,3,1343,24,0.002228826151560177,0.9999999999999584,0.8727711738484398,0.06897211165211854,gat_zero_dgi,transductive,43,43,1370,24
0.8351568033783869,0.05555555555555555,0.041666666666666664,0.047619047619047616,0.5174400970579315,0.035517525669521946,1,17,1550,23,0.01084875558391831,0.9583333333332935,0.5480482875983834,0.03730313110537302,gat_zero_dgi,transductive,43,44,1591,24
0.8351568033783869,0.0,0.0,0.0,0.49753086419753084,-0.004869203116779627,0,7,1209,5,0.005756578947368416,0.9999999999997999,0.8006578947368421,0.012031860952077464,gat_zero_dgi,transductive,43,45,1221,5
0.8351568033783869,0.14285714285714285,0.5,0.2222222222222222,0.6086376128778956,0.26367422119758854,1,6,704,1,0.0084507042253521,0.49999999999975,0.9366197183098591,0.5108695652173914,gat_zero_dgi,transductive,43,46,712,2
0.8351568033783869,0.0,0.0,0.0,0.49310964649490713,-0.005621075001548533,0,1,823,22,0.0012135922330097073,0.9999999999999546,0.7924205648720212,0.06212213436781211,gat_zero_dgi,transductive,43,47,846,22
0.8351568033783869,0.5,0.1111111111111111,0.18181818181818182,0.5708645474792469,0.20955668474436606,4,4,431,32,0.009195402298850554,0.8888888888888642,0.8985312899106003,0.3445206405807876,gat_zero_dgi,transductive,43,48,471,36
0.8351568033783869,0.0,0.0,0.0,0.4609286523216308,-0.06118578678058886,0,13,407,56,0.030952380952380877,0.9999999999999821,0.4514880952380953,0.09966050384130481,gat_zero_dgi,transductive,43,49,476,56
0.8678282318516478,0.9005524861878453,0.6820083682008368,0.7761904761904762,0.876006760728983,0.7614530191562457,163,18,1897,76,0.009399477806788507,0.31799163179916184,0.948318166424506,0.8410643893739629,gat,transductive,43,42,2154,239
0.8678282318516478,0.0,0.0,0.0,0.49465142014016966,-0.00808168218002331,0,5,1341,24,0.003714710252600295,0.9999999999999584,0.780491579990094,0.038790740284003776,gat,transductive,43,43,1370,24
0.8678282318516478,0.0,0.0,0.0,0.4936346276257161,-0.012473571904209025,0,16,1551,24,0.010210593490746643,0.9999999999999584,0.5620878536481599,0.017740254543451642,gat,transductive,43,44,1591,24
0.8678282318516478,0.0,0.0,0.0,0.4954545454545455,-0.00761955190636009,0,17,1199,5,0.013980263157894727,0.9999999999997999,0.8210526315789474,0.013371078305812446,gat,transductive,43,45,1221,5
0.8678282318516478,0.25,0.5,0.3333333333333333,0.6652562294311236,0.3510604154472902,1,3,707,1,0.00422535211267605,0.49999999999975,0.9556338028169015,0.5153846153846153,gat,transductive,43,46,712,2
0.8678282318516478,0.0,0.0,0.0,0.49128081779915816,-0.014925049293206457,0,7,817,22,0.00849514563106795,0.9999999999999546,0.7632391879964696,0.05275648492015465,gat,transductive,43,47,846,22
0.8678282318516478,0.18181818181818182,0.05555555555555555,0.0851063829787234,0.5185308451206466,0.06133685518665605,2,9,426,34,0.020689655172413744,0.9444444444444181,0.8594508301404853,0.23692675466993926,gat,transductive,43,48,471,36
0.8678282318516478,0.0,0.0,0.0,0.431980906921241,-0.13601763653352408,0,58,362,56,0.13809523809523777,0.9999999999999821,0.47517006802721085,0.1052889661564569,gat,transductive,43,49,476,56
0.2957099436430546,0.9285714285714286,0.6527196652719666,0.7665847665847666,0.8711160182577768,0.7571401292134047,156,12,1903,83,0.006266318537859005,0.34728033472803205,0.9233381037176225,0.8231189948075852,gcn,transductive,43,42,2154,239
0.2957099436430546,0.0,0.0,0.0,0.49371766444937176,-0.011450214874840143,0,10,1336,24,0.00742942050520059,0.9999999999999584,0.6662332838038634,0.03245104025927968,gcn,transductive,43,43,1370,24
0.2957099436430546,0.2,0.041666666666666664,0.06896551724137931,0.5302011220840579,0.08517967132696663,1,4,1563,23,0.002552648372686661,0.9583333333332935,0.5242767496277387,0.02812480730961054,gcn,transductive,43,44,1591,24
0.2957099436430546,0.0,0.0,0.0,0.49670239076669415,-0.006113949850556482,0,11,1205,5,0.00904605263157894,0.9999999999997999,0.7330592105263158,0.010074578064328397,gcn,transductive,43,45,1221,5
0.2957099436430546,0.0,0.0,0.0,0.4989444053483462,-0.0019904488565202906,0,1,709,2,0.00140845070422535,0.9999999999995,0.49295774647887325,0.021432664756446992,gcn,transductive,43,46,712,2
0.2957099436430546,0.0,0.0,0.0,0.49310964649490713,-0.005621075001548533,0,1,823,22,0.0012135922330097073,0.9999999999999546,0.7368711385701677,0.06810058098754428,gcn,transductive,43,47,846,22
0.2957099436430546,0.6666666666666666,0.05555555555555555,0.10256410256410256,0.531902206320811,0.17786341144160595,2,1,434,34,0.0022988505747126384,0.9444444444444181,0.9141123882503193,0.5149115123160363,gcn,transductive,43,48,471,36
0.2957099436430546,0.0,0.0,0.0,0.4651685393258427,-0.04125684985035174,0,6,414,56,0.01428571428571425,0.9999999999999821,0.7453231292517006,0.19186646762062384,gcn,transductive,43,49,476,56
0.7674651401383535,0.9037433155080213,0.7071129707112971,0.7934272300469484,0.8853792512934382,0.7782828815302334,169,18,1897,70,0.009399477806788507,0.2928870292887017,0.9555097938538515,0.7737945922024537,sage,transductive,43,42,2154,239
0.7674651401383535,0.0,0.0,0.0,0.4922164566345441,-0.01540745818173115,0,18,1328,24,0.01337295690936106,0.9999999999999584,0.8232417038137692,0.054315402384339774,sage,transductive,43,43,1370,24
0.7674651401383535,0.125,0.041666666666666664,0.0625,0.5264880952380953,0.0641050354186984,1,7,1560,23,0.004467134652201657,0.9583333333332935,0.6470963624760689,0.03403633436472557,sage,transductive,43,44,1591,24
0.7674651401383535,0.0,0.0,0.0,0.4987684729064039,-0.001835854673268896,0,1,1215,5,0.000822368421052631,0.9999999999997999,0.7672697368421053,0.024865536821334123,sage,transductive,43,45,1221,5
0.7674651401383535,0.0,0.0,0.0,0.49859154929577465,-0.0028169014084507044,0,2,708,2,0.0028169014084507,0.9999999999995,0.8218309859154929,0.015631469979296066,sage,transductive,43,46,712,2
0.7674651401383535,0.0,0.0,0.0,0.49280575539568344,-0.00795410846866648,0,2,822,22,0.0024271844660194147,0.9999999999999546,0.8630295675198587,0.11638567412561665,sage,transductive,43,47,846,22
0.7674651401383535,1.0,0.027777777777777776,0.05405405405405406,0.5076900104524413,0.1603409487877505,1,0,435,35,0.0,0.9722222222221951,0.9369731800766284,0.4833350541268564,sage,transductive,43,48,471,36
0.7674651401383535,1.0,0.017857142857142856,0.03508771929824561,0.4868176026658826,0.12565617248750865,1,0,420,55,0.0,0.9821428571428396,0.40102040816326534,0.11308085540922887,sage,transductive,43,49,476,56
0.8986720116171119,0.9265536723163842,0.6861924686192469,0.7884615384615384,0.8829255277097003,0.7770007601456768,164,13,1902,75,0.006788511749347255,0.31380753138075185,0.9509815702939796,0.854079744070948,fusion,transductive,44,42,2154,239
0.8986720116171119,0.0,0.0,0.0,0.4948377581120944,-0.0072258299512631945,0,4,1342,24,0.002971768202080236,0.9999999999999584,0.7977959385834571,0.047076947888553794,fusion,transductive,44,43,1370,24
0.8986720116171119,0.0,0.0,0.0,0.4945997458703939,-0.009842494655864804,0,10,1557,24,0.006381620931716652,0.9999999999999584,0.5559987236758137,0.017027012201874255,fusion,transductive,44,44,1591,24
0.8986720116171119,0.0,0.0,0.0,0.497737556561086,-0.004506150586965627,0,6,1210,5,0.004934210526315786,0.9999999999997999,0.8008223684210526,0.011588297252056054,fusion,transductive,44,45,1221,5
0.8986720116171119,0.3333333333333333,0.5,0.4,0.6989429175475688,0.4062344815194548,1,2,708,1,0.0028169014084507,0.49999999999975,0.945774647887324,0.5126582278481012,fusion,transductive,44,46,712,2
0.8986720116171119,0.0,0.0,0.0,0.4934131736526946,0.0,0,0,824,22,0.0,0.9999999999999546,0.7476831421006179,0.05836683375160517,fusion,transductive,44,47,846,22
0.8986720116171119,0.6666666666666666,0.05555555555555555,0.10256410256410256,0.531902206320811,0.17786341144160595,2,1,434,34,0.0022988505747126384,0.9444444444444181,0.8818007662835249,0.3322762649333286,fusion,transductive,44,48,471,36
0.8986720116171119,0.0,0.0,0.0,0.4633596392333709,-0.05069115453164986,0,9,411,56,0.021428571428571377,0.9999999999999821,0.5379251700680272,0.1153791358809127,fusion,transductive,44,49,476,56
0.87711775676145,0.7307692307692307,0.6359832635983264,0.680089485458613,0.8215262242107879,0.6451834210843475,152,56,1859,87,0.02924281984334202,0.36401673640167215,0.9197635928640877,0.758989731079446,gat_zero_dgi,transductive,44,42,2154,239
0.87711775676145,0.0,0.0,0.0,0.4925925925925926,-0.014515558489317482,0,16,1330,24,0.011887072808320943,0.9999999999999584,0.5998637939574046,0.02201592948167034,gat_zero_dgi,transductive,44,43,1370,24
0.87711775676145,0.0,0.0,0.0,0.4884244372990354,-0.021827740312223946,0,48,1519,24,0.030631780472239932,0.9999999999999584,0.5127366517762179,0.015107159452352734,gat_zero_dgi,transductive,44,44,1591,24
0.87711775676145,0.0,0.0,0.0,0.49125,-0.011335566407968933,0,37,1179,5,0.030427631578947345,0.9999999999997999,0.7143092105263158,0.008509343210104266,gat_zero_dgi,transductive,44,45,1221,5
0.87711775676145,0.0,0.0,0.0,0.49646393210749645,-0.0056577595634534445,0,8,702,2,0.0112676056338028,0.9999999999995,0.4816901408450704,0.014584428260379909,gat_zero_dgi,transductive,44,46,712,2
0.87711775676145,0.0,0.0,0.0,0.49097472924187724,-0.015965066017625686,0,8,816,22,0.009708737864077659,0.9999999999999546,0.6327780229479258,0.03378571894359525,gat_zero_dgi,transductive,44,47,846,22
0.87711775676145,0.5,0.1111111111111111,0.18181818181818182,0.5708645474792469,0.20955668474436606,4,4,431,32,0.009195402298850554,0.8888888888888642,0.8280970625798212,0.28100201865505503,gat_zero_dgi,transductive,44,48,471,36
0.87711775676145,0.0,0.0,0.0,0.4651685393258427,-0.04125684985035174,0,6,414,56,0.01428571428571425,0.9999999999999821,0.26721938775510207,0.07731659108473168,gat_zero_dgi,transductive,44,49,476,56
0.8931896557080069,0.7647058823529411,0.6527196652719666,0.7042889390519187,0.8351975096294522,0.6732424965018621,156,48,1867,83,0.02506527415143602,0.34728033472803205,0.9319728634322733,0.7755452486934328,gat,transductive,44,42,2154,239
0.8931896557080069,0.0,0.0,0.0,0.49278045168456125,-0.014049441905298157,0,15,1331,24,0.011144130757800883,0.9999999999999584,0.7422300643883111,0.03274131435769313,gat,transductive,44,43,1370,24
0.8931896557080069,0.0,0.0,0.0,0.4926658163265306,-0.014654499527514993,0,22,1545,24,0.014039566049776636,0.9999999999999584,0.6004839395873218,0.017864744060770696,gat,transductive,44,44,1591,24
0.8931896557080069,0.0,0.0,0.0,0.4908256880733945,-0.011647743007927916,0,39,1177,5,0.032072368421052606,0.9999999999997999,0.7912828947368421,0.016838489979410162,gat,transductive,44,45,1221,5
0.8931896557080069,0.0,0.0,0.0,0.49823819591261453,-0.0034524176899670377,0,3,707,2,0.00422535211267605,0.9999999999995,0.8112676056338028,0.021972369194591418,gat,transductive,44,46,712,2
0.8931896557080069,0.0,0.0,0.0,0.49128081779915816,-0.014925049293206457,0,7,817,22,0.00849514563106795,0.9999999999999546,0.7002427184466019,0.041172274140657925,gat,transductive,44,47,846,22
0.8931896557080069,0.5,0.08333333333333333,0.14285714285714285,0.5514285714285714,0.18109070935025182,3,3,432,33,0.0068965517241379145,0.9166666666666412,0.8616219667943805,0.31787363589197215,gat,transductive,44,48,471,36
0.8931896557080069,0.07692307692307693,0.017857142857142856,0.028985507246376812,0.4765539087760763,-0.02117969542404999,1,12,408,55,0.0285714285714285,0.9821428571428396,0.5329506802721089,0.13212765172699623,gat,transductive,44,49,476,56
0.6317003873229725,0.9367088607594937,0.6192468619246861,0.7455919395465995,0.8598836711284519,0.7397083681618185,148,10,1905,91,0.005221932114882504,0.38075313807531225,0.9286561718212307,0.8274875334712787,gcn,transductive,44,42,2154,239
0.6317003873229725,0.0,0.0,0.0,0.49427833148763384,-0.00956938842255011,0,7,1339,24,0.005200594353640412,0.9999999999999584,0.5850668647845468,0.02701044219518243,gcn,transductive,44,43,1370,24
0.6317003873229725,0.14285714285714285,0.041666666666666664,0.06451612903225806,0.5276563507744597,0.06968481836166349,1,6,1561,23,0.0038289725590299915,0.9583333333332935,0.5257923845990216,0.06384573174434513,gcn,transductive,44,44,1591,24
0.6317003873229725,0.0,0.0,0.0,0.4987684729064039,-0.001835854673268896,0,1,1215,5,0.000822368421052631,0.9999999999997999,0.6427631578947368,0.007925949159872079,gcn,transductive,44,45,1221,5
0.6317003873229725,0.0,0.0,0.0,0.49929676511954996,0.0,0,0,710,2,0.0,0.9999999999995,0.4887323943661972,0.017561697014511508,gcn,transductive,44,46,712,2
0.6317003873229725,0.0,0.0,0.0,0.49310964649490713,-0.005621075001548533,0,1,823,22,0.0012135922330097073,0.9999999999999546,0.6695719329214476,0.05550244287250369,gcn,transductive,44,47,846,22
0.6317003873229725,0.0,0.0,0.0,0.48013245033112584,0.0,0,0,435,36,0.0,0.9999999999999721,0.9008301404853128,0.4470511961959337,gcn,transductive,44,48,471,36
0.6317003873229725,0.0,0.0,0.0,0.46875,0.0,0,0,420,56,0.0,0.9999999999999821,0.7538265306122449,0.2070834332164005,gcn,transductive,44,49,476,56
0.47060683970348516,0.8689320388349514,0.7489539748953975,0.8044943820224719,0.8909865127818806,0.7847959691209785,179,27,1888,60,0.014099216710182761,0.25104602510460144,0.9574958759845745,0.7759499243571737,sage,transductive,44,42,2154,239
0.47060683970348516,0.0,0.0,0.0,0.49240459429418304,-0.014967823498754343,0,17,1329,24,0.012630014858841002,0.9999999999999584,0.7755386329866272,0.04140783272002929,sage,transductive,44,43,1370,24
0.47060683970348516,0.058823529411764705,0.041666666666666664,0.04878048780487805,0.5181820299578354,0.03729218249471498,1,16,1551,23,0.010210593490746643,0.9583333333332935,0.5997128270580727,0.05893066035511993,sage,transductive,44,44,1591,24
0.47060683970348516,0.0,0.0,0.0,0.49856262833675563,-0.0025973552855766526,0,2,1214,5,0.001644736842105262,0.9999999999997999,0.8098684210526316,0.014876545348773874,sage,transductive,44,45,1221,5
0.47060683970348516,0.0,0.0,0.0,0.49859154929577465,-0.0028169014084507044,0,2,708,2,0.0028169014084507,0.9999999999995,0.5943661971830986,0.010540075451717519,sage,transductive,44,46,712,2
0.47060683970348516,0.0,0.0,0.0,0.49250149970005996,-0.009747529867994788,0,3,821,22,0.0036407766990291216,0.9999999999999546,0.8666703442188879,0.10659508562593532,sage,transductive,44,47,846,22
0.47060683970348516,0.0,0.0,0.0,0.47955801104972373,-0.013269595761744867,0,1,434,36,0.0022988505747126384,0.9999999999999721,0.9075989782886335,0.31923944899979195,sage,transductive,44,48,471,36
0.47060683970348516,0.2,0.017857142857142856,0.03278688524590164,0.48328457618075105,0.02633552357254468,1,4,416,55,0.0095238095238095,0.9821428571428396,0.4878826530612245,0.12940643187642484,sage,transductive,44,49,476,56
0.755534637697522,0.8894736842105263,0.7071129707112971,0.7878787878787878,0.882209566664323,0.7709686155545742,169,21,1894,70,0.01096605744125326,0.2928870292887017,0.9475031954291708,0.8460748794785686,fusion,transductive,45,42,2154,239
0.755534637697522,0.0,0.0,0.0,0.4948377581120944,-0.0072258299512631945,0,4,1342,24,0.002971768202080236,0.9999999999999584,0.8427748885586924,0.06919532298422268,fusion,transductive,45,43,1370,24
0.755534637697522,0.05263157894736842,0.041666666666666664,0.046511627906976744,0.5167250716788786,0.03386512407484795,1,18,1549,23,0.011486917677089974,0.9583333333332935,0.5573548181238035,0.03783437252702132,fusion,transductive,45,44,1591,24
0.755534637697522,0.0,0.0,0.0,0.4979440789473684,-0.004111842105263158,0,5,1211,5,0.004111842105263155,0.9999999999997999,0.890625,0.021565341167526324,fusion,transductive,45,45,1221,5
0.755534637697522,0.0,0.0,0.0,0.4971751412429379,-0.004892818413398686,0,6,704,2,0.0084507042253521,0.9999999999995,0.902112676056338,0.07883597883597883,fusion,transductive,45,46,712,2
0.755534637697522,0.0,0.0,0.0,0.49280575539568344,-0.00795410846866648,0,2,822,22,0.0024271844660194147,0.9999999999999546,0.7260039717563989,0.04678476737921008,fusion,transductive,45,47,846,22
0.755534637697522,0.5,0.05555555555555555,0.1,0.5300443458980044,0.1475429887198705,2,2,433,34,0.004597701149425277,0.9444444444444181,0.8819923371647509,0.3111871842693957,fusion,transductive,45,48,471,36
0.755534637697522,0.06666666666666667,0.017857142857142856,0.028169014084507043,0.4749244616393023,-0.02854214661734732,1,14,406,55,0.03333333333333325,0.9821428571428396,0.4993622448979592,0.11663267411538536,fusion,transductive,45,49,476,56
0.8683657031469848,0.7115384615384616,0.6192468619246861,0.6621923937360179,0.8115416773134894,0.6251654865225866,148,60,1855,91,0.03133159268929502,0.38075313807531225,0.9135016441438982,0.7425444810972196,gat_zero_dgi,transductive,45,42,2154,239
0.8683657031469848,0.0,0.0,0.0,0.49353049907578556,-0.01201350421587039,0,11,1335,24,0.008172362555720649,0.9999999999999584,0.6694836552748886,0.026488904654836026,gat_zero_dgi,transductive,45,43,1370,24
0.8683657031469848,0.0,0.0,0.0,0.48411154345006485,-0.027333433682651384,0,74,1493,24,0.047223994894703226,0.9999999999999584,0.5128164220378643,0.015227900776048797,gat_zero_dgi,transductive,45,44,1591,24
0.8683657031469848,0.0,0.0,0.0,0.4939908827186075,-0.009079809991346766,0,24,1192,5,0.019736842105263143,0.9999999999997999,0.6254934210526315,0.006297441918395947,gat_zero_dgi,transductive,45,45,1221,5
0.8683657031469848,0.0,0.0,0.0,0.49646393210749645,-0.0056577595634534445,0,8,702,2,0.0112676056338028,0.9999999999995,0.6028169014084508,0.021079198066259065,gat_zero_dgi,transductive,45,46,712,2
0.8683657031469848,0.0,0.0,0.0,0.49005424954792043,-0.01875429916024684,0,11,813,22,0.01334951456310678,0.9999999999999546,0.6988084730803177,0.04075718739306776,gat_zero_dgi,transductive,45,47,846,22
0.8683657031469848,0.5,0.16666666666666666,0.25,0.6048657718120805,0.2577693648421601,6,6,429,30,0.013793103448275829,0.8333333333333102,0.8787994891443167,0.2910609764719179,gat_zero_dgi,transductive,45,48,471,36
0.8683657031469848,0.0,0.0,0.0,0.4663677130044843,-0.03361463227264072,0,4,416,56,0.0095238095238095,0.9999999999999821,0.40420918367346936,0.09465551298235415,gat_zero_dgi,transductive,45,49,476,56
0.8995191272924091,0.8963414634146342,0.6150627615062761,0.7295285359801489,0.8508078019209323,0.7178610744852428,147,17,1898,92,0.008877284595300256,0.38493723849372224,0.9462665370287425,0.8247201739891585,gat,transductive,45,42,2154,239
0.8995191272924091,0.0,0.0,0.0,0.4944649446494465,-0.00885628391958432,0,6,1340,24,0.004457652303120354,0.9999999999999584,0.816245666171372,0.04747862142072737,gat,transductive,45,43,1370,24
0.8995191272924091,0.125,0.041666666666666664,0.0625,0.5264880952380953,0.0641050354186984,1,7,1560,23,0.004467134652201657,0.9583333333332935,0.6152946181663476,0.02514722626247936,gat,transductive,45,44,1591,24
0.8995191272924091,0.0,0.0,0.0,0.49566294919454773,-0.007388983258666594,0,16,1200,5,0.013157894736842096,0.9999999999997999,0.8792763157894737,0.02640672342999832,gat,transductive,45,45,1221,5
0.8995191272924091,0.0,0.0,0.0,0.4989444053483462,-0.0019904488565202906,0,1,709,2,0.00140845070422535,0.9999999999995,0.9570422535211267,0.060897435897435896,gat,transductive,45,46,712,2
0.8995191272924091,0.0,0.0,0.0,0.4921968787515006,-0.011262159778651453,0,4,820,22,0.004854368932038829,0.9999999999999546,0.7565644307149162,0.050125151261333566,gat,transductive,45,47,846,22
0.8995191272924091,0.2222222222222222,0.05555555555555555,0.08888888888888889,0.5215904868078781,0.07658617040710029,2,7,428,34,0.016091954022988467,0.9444444444444181,0.8727969348659005,0.26206107990813315,gat,transductive,45,48,471,36
0.8995191272924091,0.02857142857142857,0.017857142857142856,0.02197802197802198,0.45930492271955686,-0.0778864528380083,1,34,386,55,0.08095238095238076,0.9821428571428396,0.47304421768707483,0.10330051800299331,gat,transductive,45,49,476,56
0.4066482257469753,0.8961748633879781,0.6861924686192469,0.7772511848341233,0.8765308934978645,0.7617897361302414,164,19,1896,75,0.009921671018276759,0.31380753138075185,0.9346428220282508,0.8389993110618099,gcn,transductive,45,42,2154,239
0.4066482257469753,0.0,0.0,0.0,0.49032738095238093,-0.0192879401011452,0,28,1318,24,0.02080237741456165,0.9999999999999584,0.5480435859336306,0.02221191170271944,gcn,transductive,45,43,1370,24
0.4066482257469753,0.07142857142857142,0.041666666666666664,0.05263157894736842,0.5205905986339896,0.043553568311273376,1,13,1554,23,0.008296107211231647,0.9583333333332935,0.5353648159965965,0.0290525660716782,gcn,transductive,45,44,1591,24
0.4066482257469753,0.0,0.0,0.0,0.497737556561086,-0.004506150586965627,0,6,1210,5,0.004934210526315786,0.9999999999997999,0.6643092105263158,0.00749041210700232,gcn,transductive,45,45,1221,5
0.4066482257469753,0.0,0.0,0.0,0.49859154929577465,-0.0028169014084507044,0,2,708,2,0.0028169014084507,0.9999999999995,0.4964788732394366,0.025244244039079045,gcn,transductive,45,46,712,2
0.4066482257469753,0.0,0.0,0.0,0.49280575539568344,-0.00795410846866648,0,2,822,22,0.0024271844660194147,0.9999999999999546,0.730968667255075,0.06607823532233567,gcn,transductive,45,47,846,22
0.4066482257469753,0.6666666666666666,0.05555555555555555,0.10256410256410256,0.531902206320811,0.17786341144160595,2,1,434,34,0.0022988505747126384,0.9444444444444181,0.9320561941251597,0.5808224164791955,gcn,transductive,45,48,471,36
0.4066482257469753,0.0,0.0,0.0,0.46875,0.0,0,0,420,56,0.0,0.9999999999999821,0.8796343537414966,0.3596976119835704,gcn,transductive,45,49,476,56
0.9585792397799556,0.91005291005291,0.7196652719665272,0.8037383177570093,0.8910444166104634,0.7890622010814865,172,17,1898,67,0.008877284595300256,0.28033472803347165,0.9554311371358031,0.836967044124676,sage,transductive,45,42,2154,239
0.9585792397799556,0.0,0.0,0.0,0.4944649446494465,-0.00885628391958432,0,6,1340,24,0.004457652303120354,0.9999999999999584,0.8387196631996037,0.07595399546699284,sage,transductive,45,43,1370,24
0.9585792397799556,0.1,0.041666666666666664,0.058823529411764705,0.5243291725839001,0.05540504283363896,1,9,1558,23,0.005743458838544987,0.9583333333332935,0.6262497340991279,0.03360736118377257,sage,transductive,45,44,1591,24
0.9585792397799556,0.0,0.0,0.0,0.4987684729064039,-0.001835854673268896,0,1,1215,5,0.000822368421052631,0.9999999999997999,0.8113486842105263,0.014581589432311486,sage,transductive,45,45,1221,5
0.9585792397799556,0.0,0.0,0.0,0.49823819591261453,-0.0034524176899670377,0,3,707,2,0.00422535211267605,0.9999999999995,0.5415492957746479,0.011276514183490929,sage,transductive,45,46,712,2
0.9585792397799556,0.0,0.0,0.0,0.49280575539568344,-0.00795410846866648,0,2,822,22,0.0024271844660194147,0.9999999999999546,0.8820609002647838,0.1290537990569608,sage,transductive,45,47,846,22
0.9585792397799556,0.0,0.0,0.0,0.48013245033112584,0.0,0,0,435,36,0.0,0.9999999999999721,0.9466155810983397,0.5466069181125472,sage,transductive,45,48,471,36
0.9585792397799556,0.3333333333333333,0.017857142857142856,0.03389830508474576,0.4850342589253516,0.053313949966044646,1,2,418,55,0.00476190476190475,0.9821428571428396,0.5265731292517006,0.13219805073935412,sage,transductive,45,49,476,56
0.929726176065941,0.9662162162162162,0.5983263598326359,0.7390180878552972,0.8566296764193599,0.7396492826004795,143,5,1910,96,0.002610966057441252,0.40167364016736234,0.9446081912232211,0.8355813928414123,fusion,transductive,46,42,2154,239
0.929726176065941,0.0,0.0,0.0,0.49502395871728716,-0.006255463019160538,0,3,1343,24,0.002228826151560177,0.9999999999999584,0.7440874195146112,0.03718008434120719,fusion,transductive,46,43,1370,24
0.929726176065941,0.0,0.0,0.0,0.4949206349206349,-0.008797831880193062,0,8,1559,24,0.005105296745373322,0.9999999999999584,0.5326526271006169,0.01866523207070707,fusion,transductive,46,44,1591,24
0.929726176065941,0.0,0.0,0.0,0.4973240016467682,-0.005207542317103447,0,8,1208,5,0.006578947368421048,0.9999999999997999,0.7712171052631578,0.010221858624133748,fusion,transductive,46,45,1221,5
0.929726176065941,1.0,0.5,0.6666666666666666,0.8329814684494488,0.7066093440647031,1,0,710,1,0.0,0.49999999999975,0.930281690140845,0.5099009900990099,fusion,transductive,46,46,712,2
0.929726176065941,0.0,0.0,0.0,0.49280575539568344,-0.00795410846866648,0,2,822,22,0.0024271844660194147,0.9999999999999546,0.7412842012356575,0.050489721047640004,fusion,transductive,46,47,846,22
0.929726176065941,0.6666666666666666,0.05555555555555555,0.10256410256410256,0.531902206320811,0.17786341144160595,2,1,434,34,0.0022988505747126384,0.9444444444444181,0.8747765006385696,0.29622026008496893,fusion,transductive,46,48,471,36
0.929726176065941,0.0,0.0,0.0,0.4633596392333709,-0.05069115453164986,0,9,411,56,0.021428571428571377,0.9999999999999821,0.3536989795918367,0.08626002102562581,fusion,transductive,46,49,476,56
0.7865646938755083,0.8877551020408163,0.7280334728033473,0.8,0.8887683965917894,0.7825148080356183,174,22,1893,65,0.011488250652741509,0.2719665271966516,0.9541256541070824,0.8585340755693825,gat_zero_dgi,transductive,46,42,2154,239
0.7865646938755083,0.0,0.0,0.0,0.49427833148763384,-0.00956938842255011,0,7,1339,24,0.005200594353640412,0.9999999999999584,0.8371718672610203,0.06463561367740689,gat_zero_dgi,transductive,46,43,1370,24
0.7865646938755083,0.058823529411764705,0.041666666666666664,0.04878048780487805,0.5181820299578354,0.03729218249471498,1,16,1551,23,0.010210593490746643,0.9583333333332935,0.5099446926185918,0.018954899191744777,gat_zero_dgi,transductive,46,44,1591,24
0.7865646938755083,0.0,0.0,0.0,0.497737556561086,-0.004506150586965627,0,6,1210,5,0.004934210526315786,0.9999999999997999,0.8601973684210529,0.01869037431645858,gat_zero_dgi,transductive,46,45,1221,5
0.7865646938755083,0.1,0.5,0.16666666666666666,0.5797922568460813,0.21917618646709103,1,9,701,1,0.01267605633802815,0.49999999999975,0.9,0.10714285714285715,gat_zero_dgi,transductive,46,46,712,2
0.7865646938755083,0.0,0.0,0.0,0.4921968787515006,-0.011262159778651453,0,4,820,22,0.004854368932038829,0.9999999999999546,0.7978265666372463,0.06353823179533387,gat_zero_dgi,transductive,46,47,846,22
0.7865646938755083,0.6,0.08333333333333333,0.14634146341463414,0.5537478682223004,0.2041217284747479,3,2,433,33,0.004597701149425277,0.9166666666666412,0.9018518518518519,0.3597223779255968,gat_zero_dgi,transductive,46,48,471,36
0.7865646938755083,0.0,0.0,0.0,0.45662100456621,-0.07647191129018725,0,20,400,56,0.047619047619047505,0.9999999999999821,0.5383928571428571,0.11652913576466659,gat_zero_dgi,transductive,46,49,476,56
0.8606970368532751,0.8838709677419355,0.5732217573221757,0.6954314720812182,0.8323861499394338,0.6852567569269103,137,18,1897,102,0.009399477806788507,0.4267782426778225,0.9232507073642352,0.7744010154476471,gat,transductive,46,42,2154,239
0.8606970368532751,0.0,0.0,0.0,0.49502395871728716,-0.006255463019160538,0,3,1343,24,0.002228826151560177,0.9999999999999584,0.7209633481921742,0.03196810016421592,gat,transductive,46,43,1370,24
0.8606970368532751,0.0,0.0,0.0,0.4934734161095193,-0.012861547301643034,0,17,1550,24,0.01084875558391831,0.9999999999999584,0.4883269517124016,0.013949684948671178,gat,transductive,46,44,1591,24
0.8606970368532751,0.0,0.0,0.0,0.4971169686985173,-0.005525710902651071,0,9,1207,5,0.007401315789473679,0.9999999999997999,0.75625,0.013522107745393452,gat,transductive,46,45,1221,5
0.8606970368532751,0.0,0.0,0.0,0.4989444053483462,-0.0019904488565202906,0,1,709,2,0.00140845070422535,0.9999999999995,0.4894366197183098,0.015728715728715727,gat,transductive,46,46,712,2
0.8606970368532751,0.0,0.0,0.0,0.49280575539568344,-0.00795410846866648,0,2,822,22,0.0024271844660194147,0.9999999999999546,0.675198587819947,0.03811857421010399,gat,transductive,46,47,846,22
0.8606970368532751,0.75,0.08333333333333333,0.15,0.5561529933481153,0.23462663243798956,3,1,434,33,0.0022988505747126384,0.9166666666666412,0.9287994891443168,0.4979142851485085,gat,transductive,46,48,471,36
0.8606970368532751,0.0,0.0,0.0,0.4669652855543113,-0.029080336345115265,0,3,417,56,0.007142857142857125,0.9999999999999821,0.33222789115646256,0.08336359952476105,gat,transductive,46,49,476,56
0.6048616093898704,0.9664429530201343,0.602510460251046,0.7422680412371134,0.8583789185777404,0.7425257390309489,144,5,1910,95,0.002610966057441252,0.39748953974895235,0.9347149240197953,0.8355838487954982,gcn,transductive,46,42,2154,239
0.6048616093898704,0.0,0.0,0.0,0.48785046728971965,-0.023453762811142014,0,41,1305,24,0.030460624071322415,0.9999999999999584,0.49108469539375926,0.01723661561683132,gcn,transductive,46,43,1370,24
0.6048616093898704,0.2,0.041666666666666664,0.06896551724137931,0.5302011220840579,0.08517967132696663,1,4,1563,23,0.002552648372686661,0.9583333333332935,0.5450967879174643,0.06893158909688447,gcn,transductive,46,44,1591,24
0.6048616093898704,0.0,0.0,0.0,0.49835661462612985,-0.0031824031665458855,0,3,1213,5,0.002467105263157893,0.9999999999997999,0.7797697368421053,0.01223669697880532,gcn,transductive,46,45,1221,5
0.6048616093898704,0.0,0.0,0.0,0.49929676511954996,0.0,0,0,710,2,0.0,0.9999999999995,0.5126760563380282,0.01763505635445006,gcn,transductive,46,46,712,2
0.6048616093898704,0.0,0.0,0.0,0.4934131736526946,0.0,0,0,824,22,0.0,0.9999999999999546,0.7344991173874669,0.07071620506615912,gcn,transductive,46,47,846,22
0.6048616093898704,0.0,0.0,0.0,0.48013245033112584,0.0,0,0,435,36,0.0,0.9999999999999721,0.9152618135376756,0.46526583589961706,gcn,transductive,46,48,471,36
0.6048616093898704,0.0,0.0,0.0,0.46875,0.0,0,0,420,56,0.0,0.9999999999999821,0.7095238095238094,0.17623730011171257,gcn,transductive,46,49,476,56
0.8438358940257011,0.8967391304347826,0.6903765690376569,0.7801418439716312,0.8781018100167036,0.7646112076094959,165,19,1896,74,0.009921671018276759,0.3096234309623418,0.9560450965183478,0.7935435179299704,sage,transductive,46,42,2154,239
0.8438358940257011,0.0,0.0,0.0,0.49427833148763384,-0.00956938842255011,0,7,1339,24,0.005200594353640412,0.9999999999999584,0.8267706785537394,0.05836389734086298,sage,transductive,46,43,1370,24
0.8438358940257011,0.14285714285714285,0.041666666666666664,0.06451612903225806,0.5276563507744597,0.06968481836166349,1,6,1561,23,0.0038289725590299915,0.9583333333332935,0.6226866624122527,0.03273646603412068,sage,transductive,46,44,1591,24
0.8438358940257011,0.0,0.0,0.0,0.4989741485432909,0.0,0,0,1216,5,0.0,0.9999999999997999,0.8332236842105264,0.018863808931683875,sage,transductive,46,45,1221,5
0.8438358940257011,0.0,0.0,0.0,0.49929676511954996,0.0,0,0,710,2,0.0,0.9999999999995,0.7450704225352112,0.015281541704305932,sage,transductive,46,46,712,2
0.8438358940257011,0.0,0.0,0.0,0.49250149970005996,-0.009747529867994788,0,3,821,22,0.0036407766990291216,0.9999999999999546,0.8730692850838482,0.1111908686650733,sage,transductive,46,47,846,22
0.8438358940257011,0.0,0.0,0.0,0.48013245033112584,0.0,0,0,435,36,0.0,0.9999999999999721,0.9183908045977012,0.4074425964705633,sage,transductive,46,48,471,36
0.8438358940257011,0.2,0.017857142857142856,0.03278688524590164,0.48328457618075105,0.02633552357254468,1,4,416,55,0.0095238095238095,0.9821428571428396,0.43864795918367344,0.10141994986306047,sage,transductive,46,49,476,56
0.7336086532840989,0.9193548387096774,0.7154811715481172,0.8047058823529412,0.8916653285058551,0.7912828841534185,171,15,1900,68,0.007832898172323756,0.28451882845188164,0.9468717567759485,0.844516879686495,fusion,transductive,47,42,2154,239
0.7336086532840989,0.0,0.0,0.0,0.4944649446494465,-0.00885628391958432,0,6,1340,24,0.004457652303120354,0.9999999999999584,0.8345715700842001,0.061582655208972686,fusion,transductive,47,43,1370,24
0.7336086532840989,0.058823529411764705,0.041666666666666664,0.04878048780487805,0.5181820299578354,0.03729218249471498,1,16,1551,23,0.010210593490746643,0.9583333333332935,0.555360561582642,0.036680668496678795,fusion,transductive,47,44,1591,24
0.7336086532840989,0.0,0.0,0.0,0.497737556561086,-0.004506150586965627,0,6,1210,5,0.004934210526315786,0.9999999999997999,0.8817434210526316,0.019310557201132787,fusion,transductive,47,45,1221,5
0.7336086532840989,0.2,0.5,0.2857142857142857,0.6410928521020265,0.31332729606885584,1,4,706,1,0.0056338028169014,0.49999999999975,0.9619718309859154,0.5178571428571429,fusion,transductive,47,46,712,2
0.7336086532840989,0.0,0.0,0.0,0.49310964649490713,-0.005621075001548533,0,1,823,22,0.0012135922330097073,0.9999999999999546,0.7456421006178288,0.052183170814842215,fusion,transductive,47,47,846,22
0.7336086532840989,0.6666666666666666,0.1111111111111111,0.19047619047619047,0.5763492063492064,0.2523469533803008,4,2,433,32,0.004597701149425277,0.8888888888888642,0.8940613026819924,0.36521936884055467,fusion,transductive,47,48,471,36
0.7336086532840989,0.0,0.0,0.0,0.4572405929304447,-0.07445400579450079,0,19,401,56,0.045238095238095126,0.9999999999999821,0.5161139455782313,0.11065941948215796,fusion,transductive,47,49,476,56
0.8442845694472879,0.7777777777777778,0.6736401673640168,0.7219730941704036,0.8449326889805928,0.6922677447078448,161,46,1869,78,0.02402088772845952,0.3263598326359819,0.9242645050635262,0.7770767124815131,gat_zero_dgi,transductive,47,42,2154,239
0.8442845694472879,0.0,0.0,0.0,0.4933431952662722,-0.012552314989585547,0,12,1334,24,0.008915304606240708,0.9999999999999584,0.6701337295690936,0.027171901041278222,gat_zero_dgi,transductive,47,43,1370,24
0.8442845694472879,0.0,0.0,0.0,0.48627704229899904,-0.02471100022843573,0,61,1506,24,0.03892788768347158,0.9999999999999584,0.491464582003829,0.014000677664843732,gat_zero_dgi,transductive,47,44,1591,24
0.8442845694472879,0.0,0.0,0.0,0.4935711323102447,-0.00945847098742453,0,26,1190,5,0.021381578947368404,0.9999999999997999,0.7123355263157896,0.008080111764387637,gat_zero_dgi,transductive,47,45,1221,5
0.8442845694472879,0.0,0.0,0.0,0.49859154929577465,-0.0028169014084507044,0,2,708,2,0.0028169014084507,0.9999999999995,0.6,0.011542166888987699,gat_zero_dgi,transductive,47,46,712,2
0.8442845694472879,0.0,0.0,0.0,0.4897466827503016,-0.019599966644448782,0,12,812,22,0.014563106796116486,0.9999999999999546,0.6771844660194175,0.03938021782333667,gat_zero_dgi,transductive,47,47,846,22
0.8442845694472879,0.6666666666666666,0.05555555555555555,0.10256410256410256,0.531902206320811,0.17786341144160595,2,1,434,34,0.0022988505747126384,0.9444444444444181,0.9107918263090677,0.36027556166841307,gat_zero_dgi,transductive,47,48,471,36
0.8442845694472879,0.0,0.0,0.0,0.4669652855543113,-0.029080336345115265,0,3,417,56,0.007142857142857125,0.9999999999999821,0.38375850340136053,0.0899367688086295,gat_zero_dgi,transductive,47,49,476,56
0.9304242507352288,0.9085714285714286,0.6652719665271967,0.7681159420289855,0.8717313146200397,0.7551823593435356,159,16,1899,80,0.008355091383812007,0.33472803347280194,0.9508504757638988,0.8434172123986882,gat,transductive,47,42,2154,239
0.9304242507352288,0.0,0.0,0.0,0.49465142014016966,-0.00808168218002331,0,5,1341,24,0.003714710252600295,0.9999999999999584,0.8367384843982171,0.05482156540519047,gat,transductive,47,43,1370,24
0.9304242507352288,0.1,0.041666666666666664,0.058823529411764705,0.5243291725839001,0.05540504283363896,1,9,1558,23,0.005743458838544987,0.9583333333332935,0.614550095724314,0.03053150575069473,gat,transductive,47,44,1591,24
0.9304242507352288,0.0,0.0,0.0,0.4958711808422791,-0.0071513855120584205,0,15,1201,5,0.012335526315789465,0.9999999999997999,0.8976973684210527,0.026589181928448582,gat,transductive,47,45,1221,5
0.9304242507352288,0.0,0.0,0.0,0.49859154929577465,-0.0028169014084507044,0,2,708,2,0.0028169014084507,0.9999999999995,0.9852112676056338,0.125,gat,transductive,47,46,712,2
0.9304242507352288,0.0,0.0,0.0,0.49280575539568344,-0.00795410846866648,0,2,822,22,0.0024271844660194147,0.9999999999999546,0.6882171226831421,0.04051477208374159,gat,transductive,47,47,846,22
0.9304242507352288,0.6666666666666666,0.05555555555555555,0.10256410256410256,0.531902206320811,0.17786341144160595,2,1,434,34,0.0022988505747126384,0.9444444444444181,0.873882503192848,0.3195323583992328,gat,transductive,47,48,471,36
0.9304242507352288,0.0,0.0,0.0,0.45662100456621,-0.07647191129018725,0,20,400,56,0.047619047619047505,0.9999999999999821,0.4959183673469388,0.10817078841095712,gat,transductive,47,49,476,56
0.5101489550680096,0.9101796407185628,0.6359832635983264,0.7487684729064039,0.861314016053407,0.7377169928189723,152,15,1900,87,0.007832898172323756,0.36401673640167215,0.9273452265204234,0.8124731542618571,gcn,transductive,47,42,2154,239
0.5101489550680096,0.0,0.0,0.0,0.49051692078839715,-0.018933328348856106,0,27,1319,24,0.020059435364041592,0.9999999999999584,0.5530894006934126,0.02106424187608963,gcn,transductive,47,43,1370,24
0.5101489550680096,0.1111111111111111,0.041666666666666664,0.06060606060606061,0.5253808327800071,0.059420743935002865,1,8,1559,23,0.005105296745373322,0.9583333333332935,0.5872420761540097,0.03227738681336012,gcn,transductive,47,44,1591,24
0.5101489550680096,0.0,0.0,0.0,0.49835661462612985,-0.0031824031665458855,0,3,1213,5,0.002467105263157893,0.9999999999997999,0.8797697368421052,0.01916369658504883,gcn,transductive,47,45,1221,5
0.5101489550680096,0.0,0.0,0.0,0.49929676511954996,0.0,0,0,710,2,0.0,0.9999999999995,0.4788732394366197,0.010710638069128635,gcn,transductive,47,46,712,2
0.5101489550680096,0.0,0.0,0.0,0.4934131736526946,0.0,0,0,824,22,0.0,0.9999999999999546,0.6150706090026478,0.03679643708690076,gcn,transductive,47,47,846,22
0.5101489550680096,0.0,0.0,0.0,0.48013245033112584,0.0,0,0,435,36,0.0,0.9999999999999721,0.8476372924648786,0.28655321373108267,gcn,transductive,47,48,471,36
0.5101489550680096,0.0,0.0,0.0,0.4645669291338583,-0.04460997367454705,0,7,413,56,0.016666666666666625,0.9999999999999821,0.7775935374149661,0.21598320888643863,gcn,transductive,47,49,476,56
0.6292105227300546,0.9244186046511628,0.6652719665271967,0.7737226277372263,0.8749290582873969,0.762978250905378,159,13,1902,80,0.006788511749347255,0.33472803347280194,0.9581983241749238,0.8562778083696981,sage,transductive,47,42,2154,239
0.6292105227300546,0.0,0.0,0.0,0.4944649446494465,-0.00885628391958432,0,6,1340,24,0.004457652303120354,0.9999999999999584,0.7904284299158,0.04456970861481568,sage,transductive,47,43,1370,24
0.6292105227300546,0.1,0.041666666666666664,0.058823529411764705,0.5243291725839001,0.05540504283363896,1,9,1558,23,0.005743458838544987,0.9583333333332935,0.5831206126356095,0.03151249847067905,sage,transductive,47,44,1591,24
0.6292105227300546,0.0,0.0,0.0,0.4979440789473684,-0.004111842105263158,0,5,1211,5,0.004111842105263155,0.9999999999997999,0.7488486842105263,0.009719137390984855,sage,transductive,47,45,1221,5
0.6292105227300546,0.0,0.0,0.0,0.49929676511954996,0.0,0,0,710,2,0.0,0.9999999999995,0.8556338028169014,0.022827971489115778,sage,transductive,47,46,712,2
0.6292105227300546,0.0,0.0,0.0,0.49310964649490713,-0.005621075001548533,0,1,823,22,0.0012135922330097073,0.9999999999999546,0.8917696381288616,0.13351881219397846,sage,transductive,47,47,846,22
0.6292105227300546,0.0,0.0,0.0,0.48013245033112584,0.0,0,0,435,36,0.0,0.9999999999999721,0.9432950191570881,0.559151757828367,sage,transductive,47,48,471,36
0.6292105227300546,0.5,0.017857142857142856,0.034482758620689655,0.48592146879580345,0.07708654058785551,1,1,419,55,0.002380952380952375,0.9821428571428396,0.38915816326530617,0.11505968056685645,sage,transductive,47,49,476,56
0.8795013014817656,0.9447852760736196,0.6443514644351465,0.7661691542288557,0.8710518070171416,0.7596219108090292,154,9,1906,85,0.004699738903394254,0.3556485355648521,0.944903153915903,0.8442620699556121,fusion,transductive,48,42,2154,239
0.8795013014817656,0.0,0.0,0.0,0.4948377581120944,-0.0072258299512631945,0,4,1342,24,0.002971768202080236,0.9999999999999584,0.7881376919266965,0.04278918288146749,fusion,transductive,48,43,1370,24
0.8795013014817656,0.16666666666666666,0.041666666666666664,0.06666666666666667,0.5288917089678511,0.07651351496912533,1,5,1562,23,0.003190810465858326,0.9583333333332935,0.5523292916400766,0.038576807339589035,fusion,transductive,48,44,1591,24
0.8795013014817656,0.0,0.0,0.0,0.49815043156596794,-0.0036762320861047425,0,4,1212,5,0.003289473684210524,0.9999999999997999,0.79375,0.011791526025625755,fusion,transductive,48,45,1221,5
0.8795013014817656,0.5,0.5,0.5,0.7492957746478873,0.49859154929577465,1,1,709,1,0.00140845070422535,0.49999999999975,0.9838028169014085,0.2916666666666667,fusion,transductive,48,46,712,2
0.8795013014817656,0.0,0.0,0.0,0.49310964649490713,-0.005621075001548533,0,1,823,22,0.0012135922330097073,0.9999999999999546,0.7787952338923214,0.0625007832702617,fusion,transductive,48,47,846,22
0.8795013014817656,0.75,0.08333333333333333,0.15,0.5561529933481153,0.23462663243798956,3,1,434,33,0.0022988505747126384,0.9166666666666412,0.8955300127713921,0.3338263030115909,fusion,transductive,48,48,471,36
0.8795013014817656,0.0,0.0,0.0,0.45161290322580644,-0.09128709291752769,0,28,392,56,0.0666666666666665,0.9999999999999821,0.6096938775510203,0.1339782893084386,fusion,transductive,48,49,476,56
0.7526879445913952,0.92,0.6736401673640168,0.7777777777777778,0.8770758431775381,0.7660029366849666,161,14,1901,78,0.007310704960835505,0.3263598326359819,0.9466270469864645,0.8450423276369751,gat_zero_dgi,transductive,48,42,2154,239
0.7526879445913952,0.0,0.0,0.0,0.4944649446494465,-0.00885628391958432,0,6,1340,24,0.004457652303120354,0.9999999999999584,0.783029965329371,0.038467395440691006,gat_zero_dgi,transductive,48,43,1370,24
0.7526879445913952,0.06666666666666667,0.041666666666666664,0.05128205128205128,0.5197549295544841,0.04128518145561967,1,14,1553,23,0.008934269304403313,0.9583333333332935,0.5526217825994469,0.02397616271799778,gat_zero_dgi,transductive,48,44,1591,24
0.7526879445913952,0.0,0.0,0.0,0.4973240016467682,-0.005207542317103447,0,8,1208,5,0.006578947368421048,0.9999999999997999,0.8333881578947369,0.015566180143531956,gat_zero_dgi,transductive,48,45,1221,5
0.7526879445913952,0.0,0.0,0.0,0.49859154929577465,-0.0028169014084507044,0,2,708,2,0.0028169014084507,0.9999999999995,0.9429577464788733,0.08441558441558442,gat_zero_dgi,transductive,48,46,712,2
0.7526879445913952,0.0,0.0,0.0,0.4921968787515006,-0.011262159778651453,0,4,820,22,0.004854368932038829,0.9999999999999546,0.8085282436010592,0.06522018200304719,gat_zero_dgi,transductive,48,47,846,22
0.7526879445913952,0.25,0.05555555555555555,0.09090909090909091,0.5231828305324965,0.08587097232005977,2,6,429,34,0.013793103448275829,0.9444444444444181,0.8674968071519795,0.25338646034364504,gat_zero_dgi,transductive,48,48,471,36
0.7526879445913952,0.0,0.0,0.0,0.44522144522144524,-0.10755339193013543,0,38,382,56,0.09047619047619025,0.9999999999999821,0.4045918367346939,0.09281814311796878,gat_zero_dgi,transductive,48,49,476,56
0.8823580276476194,0.9112426035502958,0.6443514644351465,0.7549019607843137,0.8646304675716441,0.743482597640491,154,15,1900,85,0.007832898172323756,0.3556485355648521,0.9442498661743338,0.8251741773894605,gat,transductive,48,42,2154,239
0.8823580276476194,0.0,0.0,0.0,0.49502395871728716,-0.006255463019160538,0,3,1343,24,0.002228826151560177,0.9999999999999584,0.8514115898959882,0.058922011083382596,gat,transductive,48,43,1370,24
0.8823580276476194,0.08333333333333333,0.041666666666666664,0.05555555555555555,0.5223740905559088,0.048811551100728656,1,11,1556,23,0.007019783024888318,0.9583333333332935,0.5830142522867475,0.024597447871700734,gat,transductive,48,44,1591,24
0.8823580276476194,0.0,0.0,0.0,0.4969097651421508,-0.005827015094837825,0,10,1206,5,0.00822368421052631,0.9999999999997999,0.8330592105263158,0.017721646516133664,gat,transductive,48,45,1221,5
0.8823580276476194,0.3333333333333333,0.5,0.4,0.6989429175475688,0.4062344815194548,1,2,708,1,0.0028169014084507,0.49999999999975,0.9197183098591549,0.5086206896551724,gat,transductive,48,46,712,2
0.8823580276476194,0.0,0.0,0.0,0.4918918918918919,-0.012598961210367401,0,5,819,22,0.006067961165048536,0.9999999999999546,0.771513680494263,0.05636787835608374,gat,transductive,48,47,846,22
0.8823580276476194,0.18181818181818182,0.05555555555555555,0.0851063829787234,0.5185308451206466,0.06133685518665605,2,9,426,34,0.020689655172413744,0.9444444444444181,0.8638569604086845,0.22531167096002763,gat,transductive,48,48,471,36
0.8823580276476194,0.0,0.0,0.0,0.4366863905325444,-0.1264911064067352,0,51,369,56,0.12142857142857114,0.9999999999999821,0.44868197278911565,0.1007437061954524,gat,transductive,48,49,476,56
0.5909395853600619,0.9386503067484663,0.6401673640167364,0.7611940298507462,0.8683082284430382,0.7540329260267249,153,10,1905,86,0.005221932114882504,0.3598326359832621,0.9310377224510307,0.838375819771791,gcn,transductive,48,42,2154,239
0.5909395853600619,0.0,0.0,0.0,0.4929681717246484,-0.013568044646414396,0,14,1332,24,0.010401188707280825,0.9999999999999584,0.5507677067855374,0.020533010612113076,gcn,transductive,48,43,1370,24
0.5909395853600619,0.2,0.041666666666666664,0.06896551724137931,0.5302011220840579,0.08517967132696663,1,4,1563,23,0.002552648372686661,0.9583333333332935,0.5290629653265263,0.06592887616444669,gcn,transductive,48,44,1591,24
0.5909395853600619,0.0,0.0,0.0,0.49856262833675563,-0.0025973552855766526,0,2,1214,5,0.001644736842105262,0.9999999999997999,0.7389802631578948,0.009268213028629707,gcn,transductive,48,45,1221,5
0.5909395853600619,0.0,0.0,0.0,0.4989444053483462,-0.0019904488565202906,0,1,709,2,0.00140845070422535,0.9999999999995,0.5084507042253521,0.057000642260757864,gcn,transductive,48,46,712,2
0.5909395853600619,0.0,0.0,0.0,0.49310964649490713,-0.005621075001548533,0,1,823,22,0.0012135922330097073,0.9999999999999546,0.6954986760812003,0.05114285743648929,gcn,transductive,48,47,846,22
0.5909395853600619,0.0,0.0,0.0,0.47955801104972373,-0.013269595761744867,0,1,434,36,0.0022988505747126384,0.9999999999999721,0.8834610472541508,0.36032987443587894,gcn,transductive,48,48,471,36
0.5909395853600619,0.0,0.0,0.0,0.46875,0.0,0,0,420,56,0.0,0.9999999999999821,0.6812499999999999,0.1604768792968508,gcn,transductive,48,49,476,56
0.9293748308301183,0.9367816091954023,0.6820083682008368,0.7893462469733656,0.8835049591734607,0.7794576885745566,163,11,1904,76,0.005744125326370754,0.31799163179916184,0.9602991140194675,0.8567871284702272,sage,transductive,48,42,2154,239
0.9293748308301183,0.0,0.0,0.0,0.49502395871728716,-0.006255463019160538,0,3,1343,24,0.002228826151560177,0.9999999999999584,0.8095282317979198,0.05114638922365904,sage,transductive,48,43,1370,24
0.9293748308301183,0.1,0.041666666666666664,0.058823529411764705,0.5243291725839001,0.05540504283363896,1,9,1558,23,0.005743458838544987,0.9583333333332935,0.6172622846202935,0.03296224113172045,sage,transductive,48,44,1591,24
0.9293748308301183,0.0,0.0,0.0,0.4989741485432909,0.0,0,0,1216,5,0.0,0.9999999999997999,0.7855263157894736,0.01409398906618039,sage,transductive,48,45,1221,5
0.9293748308301183,0.0,0.0,0.0,0.49929676511954996,0.0,0,0,710,2,0.0,0.9999999999995,0.9204225352112676,0.02638888888888889,sage,transductive,48,46,712,2
0.9293748308301183,0.0,0.0,0.0,0.49310964649490713,-0.005621075001548533,0,1,823,22,0.0012135922330097073,0.9999999999999546,0.8620917917034423,0.0904336896802523,sage,transductive,48,47,846,22
0.9293748308301183,0.0,0.0,0.0,0.48013245033112584,0.0,0,0,435,36,0.0,0.9999999999999721,0.9245849297573435,0.4616869954143032,sage,transductive,48,48,471,36
0.9293748308301183,0.5,0.017857142857142856,0.034482758620689655,0.48592146879580345,0.07708654058785551,1,1,419,55,0.002380952380952375,0.9821428571428396,0.42878401360544216,0.12202244217132824,sage,transductive,48,49,476,56
0.6887250967221686,0.8967391304347826,0.6903765690376569,0.7801418439716312,0.8781018100167036,0.7646112076094959,165,19,1896,74,0.009921671018276759,0.3096234309623418,0.9464544391885249,0.8470835809869726,fusion,transductive,49,42,2154,239
0.6887250967221686,0.0,0.0,0.0,0.4944649446494465,-0.00885628391958432,0,6,1340,24,0.004457652303120354,0.9999999999999584,0.8389982664685488,0.05938431722443041,fusion,transductive,49,43,1370,24
0.6887250967221686,0.07692307692307693,0.041666666666666664,0.05405405405405406,0.5214626391096979,0.046047414460594835,1,12,1555,23,0.007657945118059983,0.9583333333332935,0.6070782812167623,0.03340061897019527,fusion,transductive,49,44,1591,24
0.6887250967221686,0.0,0.0,0.0,0.4964948453608247,-0.006388452753853623,0,12,1204,5,0.009868421052631571,0.9999999999997999,0.818421052631579,0.012708861560658572,fusion,transductive,49,45,1221,5
0.6887250967221686,1.0,0.5,0.6666666666666666,0.8329814684494488,0.7066093440647031,1,0,710,1,0.0,0.49999999999975,0.9063380281690141,0.5074074074074074,fusion,transductive,49,46,712,2
0.6887250967221686,0.0,0.0,0.0,0.4921968787515006,-0.011262159778651453,0,4,820,22,0.004854368932038829,0.9999999999999546,0.6507612533097971,0.03735902148886257,fusion,transductive,49,47,846,22
0.6887250967221686,0.6666666666666666,0.1111111111111111,0.19047619047619047,0.5763492063492064,0.2523469533803008,4,2,433,32,0.004597701149425277,0.8888888888888642,0.8923371647509579,0.3965966071233299,fusion,transductive,49,48,471,36
0.6887250967221686,0.0,0.0,0.0,0.46275395033860045,-0.05349046951599404,0,10,410,56,0.023809523809523753,0.9999999999999821,0.5062925170068027,0.1107666479410107,fusion,transductive,49,49,476,56
0.8397090538840472,0.6866952789699571,0.6694560669456067,0.6779661016949152,0.8191707463636203,0.6384137398037693,160,73,1842,79,0.03812010443864228,0.33054393305439195,0.9315271420299986,0.7779918085476211,gat_zero_dgi,transductive,49,42,2154,239
0.8397090538840472,0.0,0.0,0.0,0.4925925925925926,-0.014515558489317482,0,16,1330,24,0.011887072808320943,0.9999999999999584,0.6345963348192175,0.02325235517265003,gat_zero_dgi,transductive,49,43,1370,24
0.8397090538840472,0.0,0.0,0.0,0.4861111111111111,-0.024920871433168512,0,62,1505,24,0.03956604977664324,0.9999999999999584,0.538236545415869,0.015402229324215203,gat_zero_dgi,transductive,49,44,1591,24
0.8397090538840472,0.0,0.0,0.0,0.49230769230769234,-0.01051967388169945,0,32,1184,5,0.02631578947368419,0.9999999999997999,0.7330592105263158,0.008817465928293737,gat_zero_dgi,transductive,49,45,1221,5
0.8397090538840472,0.0,0.0,0.0,0.49646393210749645,-0.0056577595634534445,0,8,702,2,0.0112676056338028,0.9999999999995,0.8633802816901409,0.02661368015414258,gat_zero_dgi,transductive,49,46,712,2
0.8397090538840472,0.0,0.0,0.0,0.49005424954792043,-0.01875429916024684,0,11,813,22,0.01334951456310678,0.9999999999999546,0.6409973521624007,0.03502674811510521,gat_zero_dgi,transductive,49,47,846,22
0.8397090538840472,0.375,0.08333333333333333,0.13636363636363635,0.5470236890058716,0.14771382853221293,3,5,430,33,0.011494252873563192,0.9166666666666412,0.8293742017879949,0.2529719954537331,gat_zero_dgi,transductive,49,48,471,36
0.8397090538840472,0.0,0.0,0.0,0.4651685393258427,-0.04125684985035174,0,6,414,56,0.01428571428571425,0.9999999999999821,0.48392857142857143,0.10646585937738422,gat_zero_dgi,transductive,49,49,476,56
0.9216550790400422,0.9156626506024096,0.6359832635983264,0.7506172839506173,0.862369876922785,0.7403645393457052,152,14,1901,87,0.007310704960835505,0.36401673640167215,0.9435638048002447,0.8398311431983184,gat,transductive,49,42,2154,239
0.9216550790400422,0.0,0.0,0.0,0.49427833148763384,-0.00956938842255011,0,7,1339,24,0.005200594353640412,0.9999999999999584,0.8300829618623081,0.051883164618335614,gat,transductive,49,43,1370,24
0.9216550790400422,0.3333333333333333,0.041666666666666664,0.07407407407407407,0.5330750719023303,0.11348325352364994,1,2,1565,23,0.0012763241863433304,0.9583333333332935,0.6482663263135503,0.046291452975958824,gat,transductive,49,44,1591,24
0.9216550790400422,0.0,0.0,0.0,0.4969097651421508,-0.005827015094837825,0,10,1206,5,0.00822368421052631,0.9999999999997999,0.8608552631578948,0.029263527137240307,gat,transductive,49,45,1221,5
0.9216550790400422,0.3333333333333333,0.5,0.4,0.6989429175475688,0.4062344815194548,1,2,708,1,0.0028169014084507,0.49999999999975,0.9591549295774648,0.5166666666666667,gat,transductive,49,46,712,2
0.9216550790400422,0.0,0.0,0.0,0.4921968787515006,-0.011262159778651453,0,4,820,22,0.004854368932038829,0.9999999999999546,0.7930825242718447,0.06143125710301836,gat,transductive,49,47,846,22
0.9216550790400422,0.18181818181818182,0.05555555555555555,0.0851063829787234,0.5185308451206466,0.06133685518665605,2,9,426,34,0.020689655172413744,0.9444444444444181,0.8797573435504471,0.26588100067949993,gat,transductive,49,48,471,36
0.9216550790400422,0.0,0.0,0.0,0.44,-0.1194301716128419,0,46,374,56,0.10952380952380926,0.9999999999999821,0.4338010204081632,0.09627845583250404,gat,transductive,49,49,476,56
0.5448488279331439,0.9493670886075949,0.6276150627615062,0.7556675062972292,0.8654328326679191,0.7510475976036614,150,8,1907,89,0.004177545691906003,0.3723849372384922,0.9256191485410271,0.8248444255394258,gcn,transductive,49,42,2154,239
0.5448488279331439,0.0,0.0,0.0,0.4912736724842183,-0.0174487054353969,0,23,1323,24,0.017087667161961355,0.9999999999999584,0.48935116394254585,0.017419030766858523,gcn,transductive,49,43,1370,24
0.5448488279331439,0.16666666666666666,0.041666666666666664,0.06666666666666667,0.5288917089678511,0.07651351496912533,1,5,1562,23,0.003190810465858326,0.9583333333332935,0.5319878749202298,0.0686444314697906,gcn,transductive,49,44,1591,24
0.5448488279331439,0.0,0.0,0.0,0.49815043156596794,-0.0036762320861047425,0,4,1212,5,0.003289473684210524,0.9999999999997999,0.6699013157894737,0.009750705600658327,gcn,transductive,49,45,1221,5
0.5448488279331439,0.0,0.0,0.0,0.49929676511954996,0.0,0,0,710,2,0.0,0.9999999999995,0.4422535211267606,0.005584244756777824,gcn,transductive,49,46,712,2
0.5448488279331439,0.0,0.0,0.0,0.49310964649490713,-0.005621075001548533,0,1,823,22,0.0012135922330097073,0.9999999999999546,0.6328883495145631,0.04035051637206627,gcn,transductive,49,47,846,22
0.5448488279331439,0.0,0.0,0.0,0.47955801104972373,-0.013269595761744867,0,1,434,36,0.0022988505747126384,0.9999999999999721,0.8885696040868455,0.4220040650595927,gcn,transductive,49,48,471,36
0.5448488279331439,0.0,0.0,0.0,0.46875,0.0,0,0,420,56,0.0,0.9999999999999821,0.7875850340136055,0.23179507110282707,gcn,transductive,49,49,476,56
0.5161849450458521,0.918918918918919,0.7112970711297071,0.8018867924528302,0.8901298019936654,0.7885270593507948,170,15,1900,69,0.007832898172323756,0.2887029288702917,0.9559161868971017,0.8318098026771107,sage,transductive,49,42,2154,239
0.5161849450458521,0.0,0.0,0.0,0.4929681717246484,-0.013568044646414396,0,14,1332,24,0.010401188707280825,0.9999999999999584,0.8073303615651313,0.05244980255864176,sage,transductive,49,43,1370,24
0.5161849450458521,0.08333333333333333,0.041666666666666664,0.05555555555555555,0.5223740905559088,0.048811551100728656,1,11,1556,23,0.007019783024888318,0.9583333333332935,0.5911774090619017,0.038579311996944435,sage,transductive,49,44,1591,24
0.5161849450458521,0.0,0.0,0.0,0.4987684729064039,-0.001835854673268896,0,1,1215,5,0.000822368421052631,0.9999999999997999,0.8060855263157894,0.016840174974750752,sage,transductive,49,45,1221,5
0.5161849450458521,0.0,0.0,0.0,0.49859154929577465,-0.0028169014084507044,0,2,708,2,0.0028169014084507,0.9999999999995,0.6936619718309859,0.018586034715066972,sage,transductive,49,46,712,2
0.5161849450458521,0.0,0.0,0.0,0.4934131736526946,0.0,0,0,824,22,0.0,0.9999999999999546,0.872958958517211,0.10644815301715596,sage,transductive,49,47,846,22
0.5161849450458521,0.0,0.0,0.0,0.48013245033112584,0.0,0,0,435,36,0.0,0.9999999999999721,0.9287356321839081,0.41227614419278596,sage,transductive,49,48,471,36
0.5161849450458521,0.16666666666666666,0.017857142857142856,0.03225806451612903,0.48242116708952515,0.017190354104313223,1,5,415,55,0.011904761904761876,0.9821428571428396,0.5814200680272109,0.13053370275111842,sage,transductive,49,49,476,56
0.8572037987513084,0.9096045197740112,0.6736401673640168,0.7740384615384616,0.8749431773262708,0.7608536931868072,161,16,1899,78,0.008355091383812007,0.3263598326359819,0.9482722833389776,0.8519537815431506,fusion,transductive,50,42,2154,239
0.8572037987513084,0.0,0.0,0.0,0.49465142014016966,-0.00808168218002331,0,5,1341,24,0.003714710252600295,0.9999999999999584,0.800427191679049,0.046446988188087845,fusion,transductive,50,43,1370,24
0.8572037987513084,0.0,0.0,0.0,0.49427844882390337,-0.010788738846515619,0,12,1555,24,0.007657945118059983,0.9999999999999584,0.5354179961710275,0.0157341704011726,fusion,transductive,50,44,1591,24
0.8572037987513084,0.0,0.0,0.0,0.4969097651421508,-0.005827015094837825,0,10,1206,5,0.00822368421052631,0.9999999999997999,0.7922697368421053,0.011030940475372753,fusion,transductive,50,45,1221,5
0.8572037987513084,0.3333333333333333,0.5,0.4,0.6989429175475688,0.4062344815194548,1,2,708,1,0.0028169014084507,0.49999999999975,0.9485915492957747,0.5133333333333333,fusion,transductive,50,46,712,2
0.8572037987513084,0.0,0.0,0.0,0.49310964649490713,-0.005621075001548533,0,1,823,22,0.0012135922330097073,0.9999999999999546,0.7620255957634599,0.0592865371154917,fusion,transductive,50,47,846,22
0.8572037987513084,0.6666666666666666,0.05555555555555555,0.10256410256410256,0.531902206320811,0.17786341144160595,2,1,434,34,0.0022988505747126384,0.9444444444444181,0.9210727969348659,0.42021340948186253,fusion,transductive,50,48,471,36
0.8572037987513084,0.0,0.0,0.0,0.4681564245810056,-0.01675415633166782,0,1,419,56,0.002380952380952375,0.9999999999999821,0.5911139455782313,0.12900624468292063,fusion,transductive,50,49,476,56
0.9024662279802758,0.8938547486033519,0.6694560669456067,0.7655502392344498,0.8701787185889472,0.7504309267546174,160,19,1896,79,0.009921671018276759,0.33054393305439195,0.9399903864011274,0.8342391112981421,gat_zero_dgi,transductive,50,42,2154,239
0.9024662279802758,0.0,0.0,0.0,0.49427833148763384,-0.00956938842255011,0,7,1339,24,0.005200594353640412,0.9999999999999584,0.7990651312530956,0.0537062081942295,gat_zero_dgi,transductive,50,43,1370,24
0.9024662279802758,0.0,0.0,0.0,0.4950809266899397,-0.008227020017399484,0,7,1560,24,0.004467134652201657,0.9999999999999584,0.5670336098702404,0.02341580928720321,gat_zero_dgi,transductive,50,44,1591,24
0.9024662279802758,0.0,0.0,0.0,0.49856262833675563,-0.0025973552855766526,0,2,1214,5,0.001644736842105262,0.9999999999997999,0.8628289473684211,0.036097254321949934,gat_zero_dgi,transductive,50,45,1221,5
0.9024662279802758,0.25,0.5,0.3333333333333333,0.6652562294311236,0.3510604154472902,1,3,707,1,0.00422535211267605,0.49999999999975,0.9507042253521127,0.5138888888888888,gat_zero_dgi,transductive,50,46,712,2
0.9024662279802758,0.0,0.0,0.0,0.49280575539568344,-0.00795410846866648,0,2,822,22,0.0024271844660194147,0.9999999999999546,0.7836496028243601,0.058882938923994425,gat_zero_dgi,transductive,50,47,846,22
0.9024662279802758,0.5,0.05555555555555555,0.1,0.5300443458980044,0.1475429887198705,2,2,433,34,0.004597701149425277,0.9444444444444181,0.8947637292464878,0.34117428379427966,gat_zero_dgi,transductive,50,48,471,36
0.9024662279802758,0.0,0.0,0.0,0.4669652855543113,-0.029080336345115265,0,3,417,56,0.007142857142857125,0.9999999999999821,0.534608843537415,0.11601146710950819,gat_zero_dgi,transductive,50,49,476,56
0.9324211755844011,0.755868544600939,0.6736401673640168,0.7123893805309734,0.8393378437924577,0.6802052435857456,161,52,1863,78,0.02715404699738902,0.3263598326359819,0.9374351355189705,0.7812524731199415,gat,transductive,50,42,2154,239
0.9324211755844011,0.0,0.0,0.0,0.49240459429418304,-0.014967823498754343,0,17,1329,24,0.012630014858841002,0.9999999999999584,0.741208519068846,0.03306855006044697,gat,transductive,50,43,1370,24
0.9324211755844011,0.0,0.0,0.0,0.4820963541666667,-0.029583673331388113,0,86,1481,24,0.05488194001276321,0.9999999999999584,0.5647202722824931,0.016478286145592415,gat,transductive,50,44,1591,24
0.9324211755844011,0.0,0.0,0.0,0.4925187032418953,-0.010349648037825024,0,31,1185,5,0.02549342105263156,0.9999999999997999,0.6643092105263158,0.006864958287879619,gat,transductive,50,45,1221,5
0.9324211755844011,0.0,0.0,0.0,0.4971751412429379,-0.004892818413398686,0,6,704,2,0.0084507042253521,0.9999999999995,0.5147887323943662,0.009062686567164179,gat,transductive,50,46,712,2
0.9324211755844011,0.0,0.0,0.0,0.48727272727272725,-0.025425687724747154,0,20,804,22,0.024271844660194143,0.9999999999999546,0.7353265666372463,0.04729255410972564,gat,transductive,50,47,846,22
0.9324211755844011,0.5,0.16666666666666666,0.25,0.6048657718120805,0.2577693648421601,6,6,429,30,0.013793103448275829,0.8333333333333102,0.8982758620689655,0.36182889779077687,gat,transductive,50,48,471,36
0.9324211755844011,0.0,0.0,0.0,0.4651685393258427,-0.04125684985035174,0,6,414,56,0.01428571428571425,0.9999999999999821,0.40714285714285714,0.09227742058806748,gat,transductive,50,49,476,56
0.3186491537700665,0.9536423841059603,0.602510460251046,0.7384615384615385,0.8562139239015196,0.7366753692156118,144,7,1908,95,0.0036553524804177526,0.39748953974895235,0.9252542687656357,0.8146438037152027,gcn,transductive,50,42,2154,239
0.3186491537700665,0.0,0.0,0.0,0.487658937920718,-0.0237469970664051,0,42,1304,24,0.031203566121842476,0.9999999999999584,0.5436788013868252,0.02210369379628382,gcn,transductive,50,43,1370,24
0.3186491537700665,0.0,0.0,0.0,0.4949206349206349,-0.008797831880193062,0,8,1559,24,0.005105296745373322,0.9999999999999584,0.5627791959157625,0.028577413008743287,gcn,transductive,50,44,1591,24
0.3186491537700665,0.0,0.0,0.0,0.49815043156596794,-0.0036762320861047425,0,4,1212,5,0.003289473684210524,0.9999999999997999,0.7713815789473685,0.011554551743776748,gcn,transductive,50,45,1221,5
0.3186491537700665,0.0,0.0,0.0,0.49823819591261453,-0.0034524176899670377,0,3,707,2,0.00422535211267605,0.9999999999995,0.4971830985915493,0.034757834757834755,gcn,transductive,50,46,712,2
0.3186491537700665,0.0,0.0,0.0,0.49250149970005996,-0.009747529867994788,0,3,821,22,0.0036407766990291216,0.9999999999999546,0.7438217122683143,0.07130495322181332,gcn,transductive,50,47,846,22
0.3186491537700665,0.0,0.0,0.0,0.48013245033112584,0.0,0,0,435,36,0.0,0.9999999999999721,0.9014048531289911,0.41765875335039715,gcn,transductive,50,48,471,36
0.3186491537700665,0.0,0.0,0.0,0.46875,0.0,0,0,420,56,0.0,0.9999999999999821,0.6607993197278912,0.1511313181283972,gcn,transductive,50,49,476,56
0.5235393439253716,0.8719211822660099,0.7405857740585774,0.8009049773755657,0.8890712160545702,0.7815312067572051,177,26,1889,62,0.01357702349869451,0.2594142259414215,0.9542589335459978,0.7810077107902968,sage,transductive,50,42,2154,239
0.5235393439253716,0.0,0.0,0.0,0.4922164566345441,-0.01540745818173115,0,18,1328,24,0.01337295690936106,0.9999999999999584,0.8186292719167905,0.052029679155138335,sage,transductive,50,43,1370,24
0.5235393439253716,0.045454545454545456,0.041666666666666664,0.043478260869565216,0.5147238243123337,0.029503282192705375,1,21,1546,23,0.01340140395660497,0.9583333333332935,0.5719527760051053,0.030074102363576157,sage,transductive,50,44,1591,24
0.5235393439253716,0.0,0.0,0.0,0.49815043156596794,-0.0036762320861047425,0,4,1212,5,0.003289473684210524,0.9999999999997999,0.7416118421052631,0.009055632309211532,sage,transductive,50,45,1221,5
0.5235393439253716,0.0,0.0,0.0,0.49823819591261453,-0.0034524176899670377,0,3,707,2,0.00422535211267605,0.9999999999995,0.9147887323943662,0.024099883855981417,sage,transductive,50,46,712,2
0.5235393439253716,0.0,0.0,0.0,0.49250149970005996,-0.009747529867994788,0,3,821,22,0.0036407766990291216,0.9999999999999546,0.858616504854369,0.094458480074657,sage,transductive,50,47,846,22
0.5235393439253716,0.0,0.0,0.0,0.48013245033112584,0.0,0,0,435,36,0.0,0.9999999999999721,0.9170498084291187,0.3650619387648688,sage,transductive,50,48,471,36
0.5235393439253716,0.14285714285714285,0.017857142857142856,0.031746031746031744,0.48156480439945004,0.009559280073117226,1,6,414,55,0.01428571428571425,0.9821428571428396,0.41003401360544217,0.09882204450484017,sage,transductive,50,49,476,56
0.6904020268623142,0.8901734104046243,0.6443514644351465,0.7475728155339806,0.8604393851797213,0.7331648237911831,154,19,1896,85,0.009921671018276759,0.3556485355648521,0.9529392486098518,0.8432728715994471,fusion,transductive,51,42,2154,239
0.6904020268623142,0.0,0.0,0.0,0.49502395871728716,-0.006255463019160538,0,3,1343,24,0.002228826151560177,0.9999999999999584,0.783308568598316,0.04598068237949214,fusion,transductive,51,43,1370,24
0.6904020268623142,0.1111111111111111,0.041666666666666664,0.06060606060606061,0.5253808327800071,0.059420743935002865,1,8,1559,23,0.005105296745373322,0.9583333333332935,0.5659700063816209,0.021283740792846007,fusion,transductive,51,44,1591,24
0.6904020268623142,0.0,0.0,0.0,0.49670239076669415,-0.006113949850556482,0,11,1205,5,0.00904605263157894,0.9999999999997999,0.8365131578947369,0.014021312122102414,fusion,transductive,51,45,1221,5
0.6904020268623142,0.16666666666666666,0.5,0.25,0.6228813559322034,0.2854144074482567,1,5,705,1,0.00704225352112675,0.49999999999975,0.943661971830986,0.2623456790123457,fusion,transductive,51,46,712,2
0.6904020268623142,0.0,0.0,0.0,0.49250149970005996,-0.009747529867994788,0,3,821,22,0.0036407766990291216,0.9999999999999546,0.7388570167696381,0.04895657371577851,fusion,transductive,51,47,846,22
0.6904020268623142,0.6666666666666666,0.05555555555555555,0.10256410256410256,0.531902206320811,0.17786341144160595,2,1,434,34,0.0022988505747126384,0.9444444444444181,0.873690932311622,0.2662644829925181,fusion,transductive,51,48,471,36
0.6904020268623142,0.0,0.0,0.0,0.4572405929304447,-0.07445400579450079,0,19,401,56,0.045238095238095126,0.9999999999999821,0.5353741496598639,0.11496575487845359,fusion,transductive,51,49,476,56
0.9132357256053245,0.9116022099447514,0.6903765690376569,0.7857142857142857,0.8812830687830688,0.7721089041577729,165,16,1899,74,0.008355091383812007,0.3096234309623418,0.9482373247976229,0.8472384006682525,gat_zero_dgi,transductive,51,42,2154,239
0.9132357256053245,0.0,0.0,0.0,0.49465142014016966,-0.00808168218002331,0,5,1341,24,0.003714710252600295,0.9999999999999584,0.8638868251609708,0.06372202862542989,gat_zero_dgi,transductive,51,43,1370,24
0.9132357256053245,0.05,0.041666666666666664,0.045454545454545456,0.5160351121154181,0.032319962596476175,1,19,1548,23,0.01212507977026164,0.9583333333332935,0.547702616464582,0.02265711704958778,gat_zero_dgi,transductive,51,44,1591,24
0.9132357256053245,0.0,0.0,0.0,0.4969097651421508,-0.005827015094837825,0,10,1206,5,0.00822368421052631,0.9999999999997999,0.8677631578947368,0.051133990522838235,gat_zero_dgi,transductive,51,45,1221,5
0.9132357256053245,0.0,0.0,0.0,0.4971751412429379,-0.004892818413398686,0,6,704,2,0.0084507042253521,0.9999999999995,0.9274647887323944,0.05598086124401914,gat_zero_dgi,transductive,51,46,712,2
0.9132357256053245,0.0,0.0,0.0,0.49280575539568344,-0.00795410846866648,0,2,822,22,0.0024271844660194147,0.9999999999999546,0.7186120917917035,0.04508401454698519,gat_zero_dgi,transductive,51,47,846,22
0.9132357256053245,0.5,0.05555555555555555,0.1,0.5300443458980044,0.1475429887198705,2,2,433,34,0.004597701149425277,0.9444444444444181,0.8723499361430396,0.29715834974402605,gat_zero_dgi,transductive,51,48,471,36
0.9132357256053245,0.0,0.0,0.0,0.46396396396396394,-0.04774099160262886,0,8,412,56,0.019047619047619,0.9999999999999821,0.5134353741496599,0.11160807709500656,gat_zero_dgi,transductive,51,49,476,56
0.8647905381691665,0.8716577540106952,0.6820083682008368,0.7652582159624414,0.8697491491970888,0.7467843268525247,163,24,1891,76,0.01253263707571801,0.31799163179916184,0.9502561805608661,0.8441733586309365,gat,transductive,51,42,2154,239
0.8647905381691665,0.0,0.0,0.0,0.49465142014016966,-0.00808168218002331,0,5,1341,24,0.003714710252600295,0.9999999999999584,0.8590267459138187,0.060398996362711205,gat,transductive,51,43,1370,24
0.8647905381691665,0.0,0.0,0.0,0.4931506849315068,-0.013605723857383846,0,19,1548,24,0.01212507977026164,0.9999999999999584,0.5750372261221016,0.019459925419193502,gat,transductive,51,44,1591,24
0.8647905381691665,0.0,0.0,0.0,0.49524596940884663,-0.007843712260396072,0,18,1198,5,0.014802631578947357,0.9999999999997999,0.8751644736842106,0.025731730291789583,gat,transductive,51,45,1221,5
0.8647905381691665,0.25,0.5,0.3333333333333333,0.6652562294311236,0.3510604154472902,1,3,707,1,0.00422535211267605,0.49999999999975,0.9654929577464788,0.5196078431372549,gat,transductive,51,46,712,2
0.8647905381691665,0.0,0.0,0.0,0.4897466827503016,-0.019599966644448782,0,12,812,22,0.014563106796116486,0.9999999999999546,0.7509377758164166,0.05093171542806999,gat,transductive,51,47,846,22
0.8647905381691665,0.1,0.05555555555555555,0.07142857142857142,0.5063689132537891,0.01867900880484407,2,18,417,34,0.04137931034482749,0.9444444444444181,0.8609833971902937,0.22906156817605713,gat,transductive,51,48,471,36
0.8647905381691665,0.0,0.0,0.0,0.42162818955042525,-0.1554097548229434,0,73,347,56,0.1738095238095234,0.9999999999999821,0.49749149659863945,0.10843361554299716,gat,transductive,51,49,476,56
0.723230433790651,0.9207317073170732,0.6317991631799164,0.749379652605459,0.8617576880184785,0.740154350260954,151,13,1902,88,0.006788511749347255,0.36820083682008214,0.927163879087145,0.8259743853672471,gcn,transductive,51,42,2154,239
0.723230433790651,0.0,0.0,0.0,0.48573573573573575,-0.026523269467661766,0,52,1294,24,0.038632986627043064,0.9999999999999584,0.5744489846458642,0.02061670193721211,gcn,transductive,51,43,1370,24
0.723230433790651,0.07692307692307693,0.041666666666666664,0.05405405405405406,0.5214626391096979,0.046047414460594835,1,12,1555,23,0.007657945118059983,0.9583333333332935,0.48542863220591365,0.061246077287190295,gcn,transductive,51,44,1591,24
0.723230433790651,0.0,0.0,0.0,0.4987684729064039,-0.001835854673268896,0,1,1215,5,0.000822368421052631,0.9999999999997999,0.7950657894736841,0.01118865286089013,gcn,transductive,51,45,1221,5
0.723230433790651,0.0,0.0,0.0,0.4989444053483462,-0.0019904488565202906,0,1,709,2,0.00140845070422535,0.9999999999995,0.5302816901408451,0.039983608476759164,gcn,transductive,51,46,712,2
0.723230433790651,0.0,0.0,0.0,0.49280575539568344,-0.00795410846866648,0,2,822,22,0.0024271844660194147,0.9999999999999546,0.7200463371579877,0.05730163179933888,gcn,transductive,51,47,846,22
0.723230433790651,1.0,0.027777777777777776,0.05405405405405406,0.5076900104524413,0.1603409487877505,1,0,435,35,0.0,0.9722222222221951,0.9212005108556832,0.47299898591584577,gcn,transductive,51,48,471,36
0.723230433790651,0.0,0.0,0.0,0.46756152125279643,-0.023718935565494002,0,2,418,56,0.00476190476190475,0.9999999999999821,0.717984693877551,0.1817063337459315,gcn,transductive,51,49,476,56
0.8183868380442053,0.9197860962566845,0.7196652719665272,0.8075117370892019,0.8931943023416128,0.7940321588690877,172,15,1900,67,0.007832898172323756,0.28033472803347165,0.9588232081016419,0.8379879329625097,sage,transductive,51,42,2154,239
0.8183868380442053,0.0,0.0,0.0,0.49409158050221563,-0.01023386139323978,0,8,1338,24,0.005943536404160472,0.9999999999999584,0.8299900941059931,0.062396946249360305,sage,transductive,51,43,1370,24
0.8183868380442053,0.08333333333333333,0.041666666666666664,0.05555555555555555,0.5223740905559088,0.048811551100728656,1,11,1556,23,0.007019783024888318,0.9583333333332935,0.6097638800255265,0.059886076257820234,sage,transductive,51,44,1591,24
0.8183868380442053,0.0,0.0,0.0,0.49835661462612985,-0.0031824031665458855,0,3,1213,5,0.002467105263157893,0.9999999999997999,0.7549342105263157,0.011678005822332364,sage,transductive,51,45,1221,5
0.8183868380442053,0.0,0.0,0.0,0.49929676511954996,0.0,0,0,710,2,0.0,0.9999999999995,0.4992957746478873,0.008695652173913044,sage,transductive,51,46,712,2
0.8183868380442053,0.0,0.0,0.0,0.4934131736526946,0.0,0,0,824,22,0.0,0.9999999999999546,0.8271734333627537,0.0749885984623667,sage,transductive,51,47,846,22
0.8183868380442053,0.0,0.0,0.0,0.48013245033112584,0.0,0,0,435,36,0.0,0.9999999999999721,0.9192848020434227,0.3703254068897841,sage,transductive,51,48,471,36
0.8183868380442053,0.3333333333333333,0.017857142857142856,0.03389830508474576,0.4850342589253516,0.053313949966044646,1,2,418,55,0.00476190476190475,0.9821428571428396,0.44936224489795923,0.11716036596885368,sage,transductive,51,49,476,56
0.9240363076941607,0.9244186046511628,0.6652719665271967,0.7737226277372263,0.8749290582873969,0.762978250905378,159,13,1902,80,0.006788511749347255,0.33472803347280194,0.9504615619913259,0.843423360496337,fusion,transductive,52,42,2154,239
0.9240363076941607,0.0,0.0,0.0,0.49465142014016966,-0.00808168218002331,0,5,1341,24,0.003714710252600295,0.9999999999999584,0.8069588905398712,0.051888927367620845,fusion,transductive,52,43,1370,24
0.9240363076941607,0.16666666666666666,0.041666666666666664,0.06666666666666667,0.5288917089678511,0.07651351496912533,1,5,1562,23,0.003190810465858326,0.9583333333332935,0.5801691129546904,0.05908539907511401,fusion,transductive,52,44,1591,24
0.9240363076941607,0.0,0.0,0.0,0.497737556561086,-0.004506150586965627,0,6,1210,5,0.004934210526315786,0.9999999999997999,0.7777960526315789,0.011222520648750157,fusion,transductive,52,45,1221,5
0.9240363076941607,0.3333333333333333,0.5,0.4,0.6989429175475688,0.4062344815194548,1,2,708,1,0.0028169014084507,0.49999999999975,0.9422535211267606,0.5119047619047619,fusion,transductive,52,46,712,2
0.9240363076941607,0.0,0.0,0.0,0.4934131736526946,0.0,0,0,824,22,0.0,0.9999999999999546,0.730968667255075,0.0486050181094082,fusion,transductive,52,47,846,22
0.9240363076941607,0.16666666666666666,0.027777777777777776,0.047619047619047616,0.5015873015873016,0.0385782212901539,1,5,430,35,0.011494252873563192,0.9722222222221951,0.879565772669221,0.2670999435564939,fusion,transductive,52,48,471,36
0.9240363076941607,0.0,0.0,0.0,0.4541284403669725,-0.08414063238233425,0,24,396,56,0.057142857142857,0.9999999999999821,0.44838435374149654,0.09887515289614822,fusion,transductive,52,49,476,56
0.7989627912553089,0.755,0.6317991631799164,0.6879271070615034,0.8262587202404958,0.6560400804311095,151,49,1866,88,0.02558746736292427,0.36820083682008214,0.9405093022493637,0.788492363066661,gat_zero_dgi,transductive,52,42,2154,239
0.7989627912553089,0.0,0.0,0.0,0.4931557528671846,-0.013069676655218618,0,13,1333,24,0.009658246656760766,0.9999999999999584,0.6334819217434373,0.02363333798929986,gat_zero_dgi,transductive,52,43,1370,24
0.7989627912553089,0.0,0.0,0.0,0.4837767683322518,-0.0277186198507866,0,76,1491,24,0.04850031908104656,0.9999999999999584,0.5234524569240587,0.015017811204847756,gat_zero_dgi,transductive,52,44,1591,24
0.7989627912553089,0.0,0.0,0.0,0.4931506849315068,-0.009823743366775651,0,28,1188,5,0.023026315789473666,0.9999999999997999,0.7432565789473684,0.009234729164594741,gat_zero_dgi,transductive,52,45,1221,5
0.7989627912553089,0.0,0.0,0.0,0.49823819591261453,-0.0034524176899670377,0,3,707,2,0.00422535211267605,0.9999999999995,0.5183098591549296,0.024231032125768968,gat_zero_dgi,transductive,52,46,712,2
0.7989627912553089,0.0,0.0,0.0,0.49158653846153844,-0.013809683229586608,0,6,818,22,0.007281553398058243,0.9999999999999546,0.6765776699029127,0.038604664493178655,gat_zero_dgi,transductive,52,47,846,22
0.7989627912553089,0.5,0.027777777777777776,0.05263157894736842,0.5064042850489054,0.10410596103822242,1,1,434,35,0.0022988505747126384,0.9722222222221951,0.8862068965517242,0.3311326209997669,gat_zero_dgi,transductive,52,48,471,36
0.7989627912553089,0.0,0.0,0.0,0.4657687991021324,-0.03762217653220669,0,5,415,56,0.011904761904761876,0.9999999999999821,0.3595238095238096,0.0867105711896513,gat_zero_dgi,transductive,52,49,476,56
0.9752885211703828,0.9386503067484663,0.6401673640167364,0.7611940298507462,0.8683082284430382,0.7540329260267249,153,10,1905,86,0.005221932114882504,0.3598326359832621,0.9399171919551658,0.8446295407518172,gat,transductive,52,42,2154,239
0.9752885211703828,0.0,0.0,0.0,0.4948377581120944,-0.0072258299512631945,0,4,1342,24,0.002971768202080236,0.9999999999999584,0.8628962357602774,0.06425258142767136,gat,transductive,52,43,1370,24
0.9752885211703828,0.0,0.0,0.0,0.4957210776545166,-0.005379061391509411,0,3,1564,24,0.0019144862795149958,0.9999999999999584,0.616305041480536,0.021290273885019022,gat,transductive,52,44,1591,24
0.9752885211703828,0.0,0.0,0.0,0.497737556561086,-0.004506150586965627,0,6,1210,5,0.004934210526315786,0.9999999999997999,0.8824013157894737,0.03114654856927286,gat,transductive,52,45,1221,5
0.9752885211703828,0.5,0.5,0.5,0.7492957746478873,0.49859154929577465,1,1,709,1,0.00140845070422535,0.49999999999975,0.9450704225352113,0.2626582278481013,gat,transductive,52,46,712,2
0.9752885211703828,0.0,0.0,0.0,0.49310964649490713,-0.005621075001548533,0,1,823,22,0.0012135922330097073,0.9999999999999546,0.7921999117387467,0.060038967596443456,gat,transductive,52,47,846,22
0.9752885211703828,0.5,0.027777777777777776,0.05263157894736842,0.5064042850489054,0.10410596103822242,1,1,434,35,0.0022988505747126384,0.9722222222221951,0.8816091954022989,0.3118807673550034,gat,transductive,52,48,471,36
0.9752885211703828,0.0,0.0,0.0,0.46214689265536724,-0.05616156927828213,0,11,409,56,0.026190476190476125,0.9999999999999821,0.44366496598639454,0.09809399457465459,gat,transductive,52,49,476,56
0.6274592318880113,0.9254658385093167,0.6234309623430963,0.745,0.859449846468782,0.7370853687110799,149,12,1903,90,0.006266318537859005,0.3765690376569022,0.9352830003168118,0.8270153287704977,gcn,transductive,52,42,2154,239
0.6274592318880113,0.0,0.0,0.0,0.4929681717246484,-0.013568044646414396,0,14,1332,24,0.010401188707280825,0.9999999999999584,0.6319650817236255,0.03417370436481056,gcn,transductive,52,43,1370,24
0.6274592318880113,0.14285714285714285,0.041666666666666664,0.06451612903225806,0.5276563507744597,0.06968481836166349,1,6,1561,23,0.0038289725590299915,0.9583333333332935,0.5626196553924697,0.03514883154652135,gcn,transductive,52,44,1591,24
0.6274592318880113,0.0,0.0,0.0,0.49753086419753084,-0.004869203116779627,0,7,1209,5,0.005756578947368416,0.9999999999997999,0.7439144736842106,0.009576405228965055,gcn,transductive,52,45,1221,5
0.6274592318880113,0.0,0.0,0.0,0.49929676511954996,0.0,0,0,710,2,0.0,0.9999999999995,0.502112676056338,0.0398962586910937,gcn,transductive,52,46,712,2
0.6274592318880113,0.0,0.0,0.0,0.4934131736526946,0.0,0,0,824,22,0.0,0.9999999999999546,0.6675860547219771,0.04697531428895837,gcn,transductive,52,47,846,22
0.6274592318880113,0.0,0.0,0.0,0.47955801104972373,-0.013269595761744867,0,1,434,36,0.0022988505747126384,0.9999999999999721,0.9136015325670498,0.4601637374178599,gcn,transductive,52,48,471,36
0.6274592318880113,0.0,0.0,0.0,0.4669652855543113,-0.029080336345115265,0,3,417,56,0.007142857142857125,0.9999999999999821,0.7443027210884354,0.19116919219431375,gcn,transductive,52,49,476,56
0.7230222349997374,0.8774509803921569,0.7489539748953975,0.8081264108352144,0.8930670864007897,0.7893493366709559,179,25,1890,60,0.01305483028720626,0.25104602510460144,0.955298950151305,0.7866823211308178,sage,transductive,52,42,2154,239
0.7230222349997374,0.0,0.0,0.0,0.4912736724842183,-0.0174487054353969,0,23,1323,24,0.017087667161961355,0.9999999999999584,0.7881996037642397,0.0433133941635396,sage,transductive,52,43,1370,24
0.7230222349997374,0.05263157894736842,0.041666666666666664,0.046511627906976744,0.5167250716788786,0.03386512407484795,1,18,1549,23,0.011486917677089974,0.9583333333332935,0.6377898319506489,0.033525886567044534,sage,transductive,52,44,1591,24
0.7230222349997374,0.0,0.0,0.0,0.4989741485432909,0.0,0,0,1216,5,0.0,0.9999999999997999,0.7973684210526315,0.012638777819870044,sage,transductive,52,45,1221,5
0.7230222349997374,0.0,0.0,0.0,0.4989444053483462,-0.0019904488565202906,0,1,709,2,0.00140845070422535,0.9999999999995,0.4852112676056338,0.009682605412515529,sage,transductive,52,46,712,2
0.7230222349997374,0.0,0.0,0.0,0.49280575539568344,-0.00795410846866648,0,2,822,22,0.0024271844660194147,0.9999999999999546,0.8499007060900264,0.10435968216359683,sage,transductive,52,47,846,22
0.7230222349997374,1.0,0.027777777777777776,0.05405405405405406,0.5076900104524413,0.1603409487877505,1,0,435,35,0.0,0.9722222222221951,0.923052362707535,0.4176400106789434,sage,transductive,52,48,471,36
0.7230222349997374,0.25,0.017857142857142856,0.03333333333333333,0.48415545590433484,0.03781646130672081,1,3,417,55,0.007142857142857125,0.9821428571428396,0.372406462585034,0.09859993762411651,sage,transductive,52,49,476,56
0.8565844052458462,0.8900523560209425,0.7112970711297071,0.7906976744186046,0.8837449176631444,0.7737663971611035,170,21,1894,69,0.01096605744125326,0.2887029288702917,0.9515387220468225,0.8541089169688563,fusion,transductive,53,42,2154,239
0.8565844052458462,0.0,0.0,0.0,0.4952100221075903,-0.005105697026215995,0,2,1344,24,0.001485884101040118,0.9999999999999584,0.8153479445269936,0.051970041564958915,fusion,transductive,53,43,1370,24
0.8565844052458462,0.058823529411764705,0.041666666666666664,0.04878048780487805,0.5181820299578354,0.03729218249471498,1,16,1551,23,0.010210593490746643,0.9583333333332935,0.5924803233354605,0.020436242215775603,fusion,transductive,53,44,1591,24
0.8565844052458462,0.0,0.0,0.0,0.49815043156596794,-0.0036762320861047425,0,4,1212,5,0.003289473684210524,0.9999999999997999,0.884375,0.0201694680161991,fusion,transductive,53,45,1221,5
0.8565844052458462,0.0,0.0,0.0,0.49823819591261453,-0.0034524176899670377,0,3,707,2,0.00422535211267605,0.9999999999995,0.9591549295774647,0.1015151515151515,fusion,transductive,53,46,712,2
0.8565844052458462,0.0,0.0,0.0,0.4934131736526946,0.0,0,0,824,22,0.0,0.9999999999999546,0.7442078552515446,0.06307475328771084,fusion,transductive,53,47,846,22
0.8565844052458462,0.75,0.08333333333333333,0.15,0.5561529933481153,0.23462663243798956,3,1,434,33,0.0022988505747126384,0.9166666666666412,0.9159003831417624,0.4347975916397755,fusion,transductive,53,48,471,36
0.8565844052458462,0.0,0.0,0.0,0.4681564245810056,-0.01675415633166782,0,1,419,56,0.002380952380952375,0.9999999999999821,0.5276360544217686,0.11839955459964048,fusion,transductive,53,49,476,56
0.8335762449673243,0.6694214876033058,0.6778242677824268,0.6735966735966736,0.8162861862887993,0.63258976022041,162,80,1835,77,0.04177545691906003,0.3221757322175719,0.9226345630728559,0.7570028359399742,gat_zero_dgi,transductive,53,42,2154,239
0.8335762449673243,0.0,0.0,0.0,0.4920281794586578,-0.015835515907419717,0,19,1327,24,0.014115898959881119,0.9999999999999584,0.6818660227835562,0.027996986042766177,gat_zero_dgi,transductive,53,43,1370,24
0.8335762449673243,0.0,0.0,0.0,0.4693128752501668,-0.041381982915013556,0,160,1407,24,0.10210593490746643,0.9999999999999584,0.4921027440970006,0.014223332833498626,gat_zero_dgi,transductive,53,44,1591,24
0.8335762449673243,0.0,0.0,0.0,0.48847926267281105,-0.013250271262329952,0,50,1166,5,0.04111842105263155,0.9999999999997999,0.640296052631579,0.006684950042565051,gat_zero_dgi,transductive,53,45,1221,5
0.8335762449673243,0.0,0.0,0.0,0.4939587775408671,-0.007786011914356602,0,15,695,2,0.02112676056338025,0.9999999999995,0.517605633802817,0.027810557784596016,gat_zero_dgi,transductive,53,46,712,2
0.8335762449673243,0.0,0.0,0.0,0.48789346246973364,-0.02409177612084292,0,18,806,22,0.02184466019417473,0.9999999999999546,0.639783759929391,0.03492215414333979,gat_zero_dgi,transductive,53,47,846,22
0.8335762449673243,0.4,0.1111111111111111,0.17391304347826086,0.5657511645962733,0.17936538144340616,4,6,429,32,0.013793103448275829,0.8888888888888642,0.9052362707535121,0.36443628333615796,gat_zero_dgi,transductive,53,48,471,36
0.8335762449673243,0.0,0.0,0.0,0.46214689265536724,-0.05616156927828213,0,11,409,56,0.026190476190476125,0.9999999999999821,0.3642431972789115,0.08828714913497726,gat_zero_dgi,transductive,53,49,476,56
0.8849230065737684,0.7868020304568528,0.6485355648535565,0.7110091743119266,0.8392339259989385,0.6827278128384269,155,42,1873,84,0.02193211488250652,0.35146443514644204,0.9247320755541475,0.770687417861317,gat,transductive,53,42,2154,239
0.8849230065737684,0.0,0.0,0.0,0.4952100221075903,-0.005105697026215995,0,2,1344,24,0.001485884101040118,0.9999999999999584,0.7119861317483902,0.030812051407955766,gat,transductive,53,43,1370,24
0.8849230065737684,0.0,0.0,0.0,0.48793047956227875,-0.022521424173009057,0,51,1516,24,0.032546266751754926,0.9999999999999584,0.48909806424165075,0.013970295398631167,gat,transductive,53,44,1591,24
0.8849230065737684,0.0,0.0,0.0,0.4931506849315068,-0.009823743366775651,0,28,1188,5,0.023026315789473666,0.9999999999997999,0.6324013157894737,0.00627423493710075,gat,transductive,53,45,1221,5
0.8849230065737684,0.0,0.0,0.0,0.49859154929577465,-0.0028169014084507044,0,2,708,2,0.0028169014084507,0.9999999999995,0.5633802816901409,0.040100882723833546,gat,transductive,53,46,712,2
0.8849230065737684,0.0,0.0,0.0,0.4891304347826087,-0.02119581348604778,0,14,810,22,0.0169902912621359,0.9999999999999546,0.7389673433362755,0.04763749945587673,gat,transductive,53,47,846,22
0.8849230065737684,0.42857142857142855,0.08333333333333333,0.13953488372093023,0.5491890213932793,0.16279022768581133,3,4,431,33,0.009195402298850554,0.9166666666666412,0.8782886334610472,0.3075472497882101,gat,transductive,53,48,471,36
0.8849230065737684,0.0,0.0,0.0,0.4663677130044843,-0.03361463227264072,0,4,416,56,0.0095238095238095,0.9999999999999821,0.44621598639455784,0.09829090422765495,gat,transductive,53,49,476,56
0.4127160075126093,0.88268156424581,0.6610878661087866,0.7559808612440191,0.8648798907762512,0.739721103849026,158,21,1894,81,0.01096605744125326,0.338912133891212,0.9297923244152637,0.8236742789468169,gcn,transductive,53,42,2154,239
0.4127160075126093,0.0,0.0,0.0,0.49371766444937176,-0.011450214874840143,0,10,1336,24,0.00742942050520059,0.9999999999999584,0.5689697870232788,0.02171644731420445,gcn,transductive,53,43,1370,24
0.4127160075126093,0.07692307692307693,0.041666666666666664,0.05405405405405406,0.5214626391096979,0.046047414460594835,1,12,1555,23,0.007657945118059983,0.9583333333332935,0.5097851520952988,0.024649891311823588,gcn,transductive,53,44,1591,24
0.4127160075126093,0.0,0.0,0.0,0.49815043156596794,-0.0036762320861047425,0,4,1212,5,0.003289473684210524,0.9999999999997999,0.58125,0.006455998606437575,gcn,transductive,53,45,1221,5
0.4127160075126093,0.0,0.0,0.0,0.49823819591261453,-0.0034524176899670377,0,3,707,2,0.00422535211267605,0.9999999999995,0.4915492957746479,0.022259866856871136,gcn,transductive,53,46,712,2
0.4127160075126093,0.0,0.0,0.0,0.49280575539568344,-0.00795410846866648,0,2,822,22,0.0024271844660194147,0.9999999999999546,0.7046006178287733,0.055158222326684256,gcn,transductive,53,47,846,22
0.4127160075126093,0.6666666666666666,0.05555555555555555,0.10256410256410256,0.531902206320811,0.17786341144160595,2,1,434,34,0.0022988505747126384,0.9444444444444181,0.9000638569604087,0.3987774867133682,gcn,transductive,53,48,471,36
0.4127160075126093,0.0,0.0,0.0,0.4663677130044843,-0.03361463227264072,0,4,416,56,0.0095238095238095,0.9999999999999821,0.6883503401360545,0.16249517447839631,gcn,transductive,53,49,476,56
0.6624916604120435,0.9081632653061225,0.7447698744769874,0.8183908045977012,0.8989965900086363,0.8030731445788774,178,18,1897,61,0.009399477806788507,0.2552301255230115,0.9553579426898413,0.814178077216136,sage,transductive,53,42,2154,239
0.6624916604120435,0.0,0.0,0.0,0.49165120593692024,-0.016660451376709247,0,21,1325,24,0.015601783060921238,0.9999999999999584,0.7779222387320456,0.04353453786473352,sage,transductive,53,43,1370,24
0.6624916604120435,0.07692307692307693,0.041666666666666664,0.05405405405405406,0.5214626391096979,0.046047414460594835,1,12,1555,23,0.007657945118059983,0.9583333333332935,0.6731812380344607,0.03549011987968933,sage,transductive,53,44,1591,24
0.6624916604120435,0.0,0.0,0.0,0.49835661462612985,-0.0031824031665458855,0,3,1213,5,0.002467105263157893,0.9999999999997999,0.8282894736842106,0.01562991298457076,sage,transductive,53,45,1221,5
0.6624916604120435,0.0,0.0,0.0,0.49859154929577465,-0.0028169014084507044,0,2,708,2,0.0028169014084507,0.9999999999995,0.7035211267605634,0.00996771589991929,sage,transductive,53,46,712,2
0.6624916604120435,0.0,0.0,0.0,0.49280575539568344,-0.00795410846866648,0,2,822,22,0.0024271844660194147,0.9999999999999546,0.8575132391879965,0.10168264465836727,sage,transductive,53,47,846,22
0.6624916604120435,0.0,0.0,0.0,0.48013245033112584,0.0,0,0,435,36,0.0,0.9999999999999721,0.9172413793103448,0.37397885890994925,sage,transductive,53,48,471,36
0.6624916604120435,0.14285714285714285,0.017857142857142856,0.031746031746031744,0.48156480439945004,0.009559280073117226,1,6,414,55,0.01428571428571425,0.9821428571428396,0.466921768707483,0.11014969501977578,sage,transductive,53,49,476,56
0.8841077916309559,0.9080459770114943,0.6610878661087866,0.7651331719128329,0.8701147245956976,0.7523354741948541,158,16,1899,81,0.008355091383812007,0.338912133891212,0.9445098703256606,0.8318813802483509,fusion,transductive,54,42,2154,239
0.8841077916309559,0.0,0.0,0.0,0.4948377581120944,-0.0072258299512631945,0,4,1342,24,0.002971768202080236,0.9999999999999584,0.8166480931154038,0.053707365955700206,fusion,transductive,54,43,1370,24
0.8841077916309559,0.2,0.041666666666666664,0.06896551724137931,0.5302011220840579,0.08517967132696663,1,4,1563,23,0.002552648372686661,0.9583333333332935,0.6060412678153584,0.06052691965797279,fusion,transductive,54,44,1591,24
0.8841077916309559,0.0,0.0,0.0,0.4964948453608247,-0.006388452753853623,0,12,1204,5,0.009868421052631571,0.9999999999997999,0.7955592105263158,0.013282677324665863,fusion,transductive,54,45,1221,5
0.8841077916309559,0.14285714285714285,0.5,0.2222222222222222,0.6086376128778956,0.26367422119758854,1,6,704,1,0.0084507042253521,0.49999999999975,0.9619718309859154,0.5178571428571429,fusion,transductive,54,46,712,2
0.8841077916309559,0.0,0.0,0.0,0.4934131736526946,0.0,0,0,824,22,0.0,0.9999999999999546,0.7901588702559575,0.08269622884211601,fusion,transductive,54,47,846,22
0.8841077916309559,0.6666666666666666,0.1111111111111111,0.19047619047619047,0.5763492063492064,0.2523469533803008,4,2,433,32,0.004597701149425277,0.8888888888888642,0.8935504469987228,0.36472231943500233,fusion,transductive,54,48,471,36
0.8841077916309559,0.16666666666666666,0.017857142857142856,0.03225806451612903,0.48242116708952515,0.017190354104313223,1,5,415,55,0.011904761904761876,0.9821428571428396,0.5612244897959183,0.12939036488811134,fusion,transductive,54,49,476,56
0.8012913217049988,0.64453125,0.6903765690376569,0.6666666666666666,0.8116968266456859,0.623921025638965,165,91,1824,74,0.047519582245430785,0.3096234309623418,0.9083998820149229,0.7384068536981405,gat_zero_dgi,transductive,54,42,2154,239
0.8012913217049988,0.0,0.0,0.0,0.49240459429418304,-0.014967823498754343,0,17,1329,24,0.012630014858841002,0.9999999999999584,0.6088410104011887,0.022811123038727142,gat_zero_dgi,transductive,54,43,1370,24
0.8012913217049988,0.007692307692307693,0.041666666666666664,0.012987012987012988,0.4813944311962806,-0.018091333608658992,1,129,1438,23,0.08232291001914481,0.9583333333332935,0.393214209742608,0.012820037200382599,gat_zero_dgi,transductive,54,44,1591,24
0.8012913217049988,0.0,0.0,0.0,0.4886934673366834,-0.013111502100678154,0,49,1167,5,0.04029605263157892,0.9999999999997999,0.6062500000000001,0.005904874839007953,gat_zero_dgi,transductive,54,45,1221,5
0.8012913217049988,0.0,0.0,0.0,0.49646393210749645,-0.0056577595634534445,0,8,702,2,0.0112676056338028,0.9999999999995,0.5950704225352113,0.04023144996596324,gat_zero_dgi,transductive,54,46,712,2
0.8012913217049988,0.0,0.0,0.0,0.4894387447193724,-0.02041253347769755,0,13,811,22,0.015776699029126193,0.9999999999999546,0.6224624889673434,0.033041620977548466,gat_zero_dgi,transductive,54,47,846,22
0.8012913217049988,0.45454545454545453,0.1388888888888889,0.2127659574468085,0.5857125876619518,0.22007124415871648,5,6,429,31,0.013793103448275829,0.8611111111110872,0.9087484035759898,0.36408196109926494,gat_zero_dgi,transductive,54,48,471,36
0.8012913217049988,0.0,0.0,0.0,0.4609286523216308,-0.06118578678058886,0,13,407,56,0.030952380952380877,0.9999999999999821,0.38090986394557824,0.0892059543056954,gat_zero_dgi,transductive,54,49,476,56
0.8731210203786651,0.78,0.6527196652719666,0.7107061503416856,0.8389405654784159,0.6815057492131168,156,44,1871,83,0.022976501305483017,0.34728033472803205,0.9330587631231086,0.783832703765378,gat,transductive,54,42,2154,239
0.8731210203786651,0.0,0.0,0.0,0.49278045168456125,-0.014049441905298157,0,15,1331,24,0.011144130757800883,0.9999999999999584,0.7273093115403665,0.031592744037136765,gat,transductive,54,43,1370,24
0.8731210203786651,0.0,0.0,0.0,0.4766447368421053,-0.03502762994233107,0,118,1449,24,0.0753031269942565,0.9999999999999584,0.5012497340991279,0.014344773222409122,gat,transductive,54,44,1591,24
0.8731210203786651,0.0,0.0,0.0,0.49566294919454773,-0.007388983258666594,0,16,1200,5,0.013157894736842096,0.9999999999997999,0.7412828947368422,0.009410568018627816,gat,transductive,54,45,1221,5
0.8731210203786651,0.0,0.0,0.0,0.4971751412429379,-0.004892818413398686,0,6,704,2,0.0084507042253521,0.9999999999995,0.49014084507042255,0.010745143360299378,gat,transductive,54,46,712,2
0.8731210203786651,0.0,0.0,0.0,0.49005424954792043,-0.01875429916024684,0,11,813,22,0.01334951456310678,0.9999999999999546,0.7058693733451015,0.04192436456987936,gat,transductive,54,47,846,22
0.8731210203786651,0.5555555555555556,0.1388888888888889,0.2222222222222222,0.5916016350798959,0.2516933852699364,5,4,431,31,0.009195402298850554,0.8611111111110872,0.913729246487867,0.4289898140014119,gat,transductive,54,48,471,36
0.8731210203786651,0.0,0.0,0.0,0.4657687991021324,-0.03762217653220669,0,5,415,56,0.011904761904761876,0.9999999999999821,0.49800170068027216,0.10959099391123789,gat,transductive,54,49,476,56
0.44888402582848047,0.9404761904761905,0.6610878661087866,0.7764127764127764,0.8765427122258704,0.7681643548131618,158,10,1905,81,0.005221932114882504,0.338912133891212,0.931002763909676,0.8334730404113073,gcn,transductive,54,42,2154,239
0.44888402582848047,0.0,0.0,0.0,0.4931557528671846,-0.013069676655218618,0,13,1333,24,0.009658246656760766,0.9999999999999584,0.582249876176325,0.025330561562013694,gcn,transductive,54,43,1370,24
0.44888402582848047,0.0,0.0,0.0,0.49524111675126903,-0.0076143373569827555,0,6,1561,24,0.0038289725590299915,0.9999999999999584,0.5402042118698148,0.02229876991131351,gcn,transductive,54,44,1591,24
0.44888402582848047,0.0,0.0,0.0,0.49815043156596794,-0.0036762320861047425,0,4,1212,5,0.003289473684210524,0.9999999999997999,0.609375,0.007753448540219421,gcn,transductive,54,45,1221,5
0.44888402582848047,0.0,0.0,0.0,0.49929676511954996,0.0,0,0,710,2,0.0,0.9999999999995,0.4830985915492958,0.0186538086888759,gcn,transductive,54,46,712,2
0.44888402582848047,0.0,0.0,0.0,0.4934131736526946,0.0,0,0,824,22,0.0,0.9999999999999546,0.732733892321271,0.0664521021408741,gcn,transductive,54,47,846,22
0.44888402582848047,0.0,0.0,0.0,0.47955801104972373,-0.013269595761744867,0,1,434,36,0.0022988505747126384,0.9999999999999721,0.9018518518518519,0.4103540523970265,gcn,transductive,54,48,471,36
0.44888402582848047,0.0,0.0,0.0,0.4669652855543113,-0.029080336345115265,0,3,417,56,0.007142857142857125,0.9999999999999821,0.7461309523809523,0.1943334656324651,gcn,transductive,54,49,476,56
0.6341151210193288,0.9135135135135135,0.7071129707112971,0.7971698113207547,0.8875138448982764,0.7832516807045394,169,16,1899,70,0.008355091383812007,0.2928870292887017,0.9548575985666998,0.8506017832017971,sage,transductive,54,42,2154,239
0.6341151210193288,0.0,0.0,0.0,0.4925925925925926,-0.014515558489317482,0,16,1330,24,0.011887072808320943,0.9999999999999584,0.75018573551263,0.036593437611975956,sage,transductive,54,43,1370,24
0.6341151210193288,0.1111111111111111,0.041666666666666664,0.06060606060606061,0.5253808327800071,0.059420743935002865,1,8,1559,23,0.005105296745373322,0.9583333333332935,0.6128749202297383,0.033257138178072645,sage,transductive,54,44,1591,24
0.6341151210193288,0.0,0.0,0.0,0.49856262833675563,-0.0025973552855766526,0,2,1214,5,0.001644736842105262,0.9999999999997999,0.8042763157894737,0.015799141903702525,sage,transductive,54,45,1221,5
0.6341151210193288,0.0,0.0,0.0,0.49681978798586574,-0.005288594694507507,0,7,703,2,0.00985915492957745,0.9999999999995,0.5387323943661972,0.006447811447811447,sage,transductive,54,46,712,2
0.6341151210193288,0.0,0.0,0.0,0.49280575539568344,-0.00795410846866648,0,2,822,22,0.0024271844660194147,0.9999999999999546,0.855527360988526,0.13189459539257087,sage,transductive,54,47,846,22
0.6341151210193288,0.0,0.0,0.0,0.47898230088495575,-0.01878603808208525,0,2,433,36,0.004597701149425277,0.9999999999999721,0.8722222222222222,0.24873214766075102,sage,transductive,54,48,471,36
0.6341151210193288,0.5,0.017857142857142856,0.034482758620689655,0.48592146879580345,0.07708654058785551,1,1,419,55,0.002380952380952375,0.9821428571428396,0.4677721088435374,0.1222257526101701,sage,transductive,54,49,476,56
0.8865403977392238,0.9226519337016574,0.698744769874477,0.7952380952380952,0.8865593768371546,0.7827647891593,167,14,1901,72,0.007310704960835505,0.30125523012552174,0.9464369599178475,0.8420198246895079,fusion,transductive,55,42,2154,239
0.8865403977392238,0.0,0.0,0.0,0.4952100221075903,-0.005105697026215995,0,2,1344,24,0.001485884101040118,0.9999999999999584,0.8172362555720654,0.05599999396852946,fusion,transductive,55,43,1370,24
0.8865403977392238,0.1111111111111111,0.041666666666666664,0.06060606060606061,0.5253808327800071,0.059420743935002865,1,8,1559,23,0.005105296745373322,0.9583333333332935,0.566794299085301,0.03937625452386294,fusion,transductive,55,44,1591,24
0.8865403977392238,0.0,0.0,0.0,0.49670239076669415,-0.006113949850556482,0,11,1205,5,0.00904605263157894,0.9999999999997999,0.7970394736842106,0.011687101686188382,fusion,transductive,55,45,1221,5
0.8865403977392238,0.25,0.5,0.3333333333333333,0.6652562294311236,0.3510604154472902,1,3,707,1,0.00422535211267605,0.49999999999975,0.9056338028169014,0.2574074074074074,fusion,transductive,55,46,712,2
0.8865403977392238,0.0,0.0,0.0,0.49280575539568344,-0.00795410846866648,0,2,822,22,0.0024271844660194147,0.9999999999999546,0.7332855251544572,0.0495320826800131,fusion,transductive,55,47,846,22
0.8865403977392238,0.08333333333333333,0.027777777777777776,0.041666666666666664,0.4951062639821029,0.004199250304446217,1,11,424,35,0.02528735632183902,0.9722222222221951,0.8577905491698595,0.2250854643862117,fusion,transductive,55,48,471,36
0.8865403977392238,0.0,0.0,0.0,0.44,-0.1194301716128419,0,46,374,56,0.10952380952380926,0.9999999999999821,0.4738945578231293,0.10278544955917399,fusion,transductive,55,49,476,56
0.8886756131793655,0.912568306010929,0.698744769874477,0.7914691943127962,0.8844119002958731,0.7776940433775303,167,16,1899,72,0.008355091383812007,0.30125523012552174,0.9436402766094584,0.8425844001228295,gat_zero_dgi,transductive,55,42,2154,239
0.8886756131793655,0.0,0.0,0.0,0.4944649446494465,-0.00885628391958432,0,6,1340,24,0.004457652303120354,0.9999999999999584,0.8559930658741951,0.06042574433578771,gat_zero_dgi,transductive,55,43,1370,24
0.8886756131793655,0.0,0.0,0.0,0.493312101910828,-0.013238629067500845,0,18,1549,24,0.011486917677089974,0.9999999999999584,0.5441661348649224,0.018066282167333768,gat_zero_dgi,transductive,55,44,1591,24
0.8886756131793655,0.0,0.0,0.0,0.49753086419753084,-0.004869203116779627,0,7,1209,5,0.005756578947368416,0.9999999999997999,0.846217105263158,0.017926672536369904,gat_zero_dgi,transductive,55,45,1221,5
0.8886756131793655,0.0,0.0,0.0,0.4989444053483462,-0.0019904488565202906,0,1,709,2,0.00140845070422535,0.9999999999995,0.9422535211267606,0.06871345029239766,gat_zero_dgi,transductive,55,46,712,2
0.8886756131793655,0.0,0.0,0.0,0.49250149970005996,-0.009747529867994788,0,3,821,22,0.0036407766990291216,0.9999999999999546,0.766107678729038,0.05351170077428432,gat_zero_dgi,transductive,55,47,846,22
0.8886756131793655,0.25,0.05555555555555555,0.09090909090909091,0.5231828305324965,0.08587097232005977,2,6,429,34,0.013793103448275829,0.9444444444444181,0.8901660280970625,0.2759715938643189,gat_zero_dgi,transductive,55,48,471,36
0.8886756131793655,0.0,0.0,0.0,0.4432748538011696,-0.11210285370332514,0,41,379,56,0.09761904761904738,0.9999999999999821,0.47865646258503397,0.10462403454536984,gat_zero_dgi,transductive,55,49,476,56
0.8757108487261718,0.8994082840236687,0.6359832635983264,0.7450980392156863,0.8592156862745098,0.7324882681780857,152,17,1898,87,0.008877284595300256,0.36401673640167215,0.9532014376700133,0.8372073232748233,gat,transductive,55,42,2154,239
0.8757108487261718,0.0,0.0,0.0,0.49465142014016966,-0.00808168218002331,0,5,1341,24,0.003714710252600295,0.9999999999999584,0.8296960128776621,0.05295846139684575,gat,transductive,55,43,1370,24
0.8757108487261718,0.0,0.0,0.0,0.4949206349206349,-0.008797831880193062,0,8,1559,24,0.005105296745373322,0.9999999999999584,0.6304509678791747,0.02329668012074084,gat,transductive,55,44,1591,24
0.8757108487261718,0.0,0.0,0.0,0.4962871287128713,-0.0066520640729635285,0,13,1203,5,0.010690789473684202,0.9999999999997999,0.8929276315789474,0.03270195095582092,gat,transductive,55,45,1221,5
0.8757108487261718,0.0,0.0,0.0,0.49929676511954996,0.0,0,0,710,2,0.0,0.9999999999995,0.9823943661971831,0.537037037037037,gat,transductive,55,46,712,2
0.8757108487261718,0.0,0.0,0.0,0.4921968787515006,-0.011262159778651453,0,4,820,22,0.004854368932038829,0.9999999999999546,0.7269417475728156,0.046355349268669,gat,transductive,55,47,846,22
0.8757108487261718,0.2857142857142857,0.05555555555555555,0.09302325581395349,0.5248208603875106,0.09674871412851838,2,5,430,34,0.011494252873563192,0.9444444444444181,0.8874201787994891,0.28760667274046847,gat,transductive,55,48,471,36
0.8757108487261718,0.0,0.0,0.0,0.4413145539906103,-0.11653431646335018,0,44,376,56,0.1047619047619045,0.9999999999999821,0.46011904761904765,0.10082838950759784,gat,transductive,55,49,476,56
0.4630035522399351,0.9382716049382716,0.6359832635983264,0.7581047381546134,0.8666387524916912,0.7511838228155512,152,10,1905,87,0.005221932114882504,0.36401673640167215,0.9255579710936561,0.8231273793307816,gcn,transductive,55,42,2154,239
0.4630035522399351,0.0,0.0,0.0,0.49070631970260226,-0.01857248988688913,0,26,1320,24,0.019316493313521532,0.9999999999999584,0.5026312530955919,0.019626858586243454,gcn,transductive,55,43,1370,24
0.4630035522399351,0.1111111111111111,0.041666666666666664,0.06060606060606061,0.5253808327800071,0.059420743935002865,1,8,1559,23,0.005105296745373322,0.9583333333332935,0.5331312486704957,0.06618696558388339,gcn,transductive,55,44,1591,24
0.4630035522399351,0.0,0.0,0.0,0.49815043156596794,-0.0036762320861047425,0,4,1212,5,0.003289473684210524,0.9999999999997999,0.6475328947368422,0.010849572253690916,gcn,transductive,55,45,1221,5
0.4630035522399351,0.0,0.0,0.0,0.49859154929577465,-0.0028169014084507044,0,2,708,2,0.0028169014084507,0.9999999999995,0.49859154929577465,0.030844429462329345,gcn,transductive,55,46,712,2
0.4630035522399351,0.0,0.0,0.0,0.49310964649490713,-0.005621075001548533,0,1,823,22,0.0012135922330097073,0.9999999999999546,0.7244593998234775,0.06199258458664325,gcn,transductive,55,47,846,22
0.4630035522399351,0.0,0.0,0.0,0.47955801104972373,-0.013269595761744867,0,1,434,36,0.0022988505747126384,0.9999999999999721,0.90242656449553,0.4110202038331387,gcn,transductive,55,48,471,36
0.4630035522399351,0.0,0.0,0.0,0.46875,0.0,0,0,420,56,0.0,0.9999999999999821,0.7095238095238096,0.17167887403830764,gcn,transductive,55,49,476,56
0.484419226471459,0.8923076923076924,0.7280334728033473,0.8018433179723502,0.889822020369758,0.7848900143936324,174,21,1894,65,0.01096605744125326,0.2719665271966516,0.9574030173591007,0.8160114768025145,sage,transductive,55,42,2154,239
0.484419226471459,0.0,0.0,0.0,0.4920281794586578,-0.015835515907419717,0,19,1327,24,0.014115898959881119,0.9999999999999584,0.8128095591877167,0.05170027979783952,sage,transductive,55,43,1370,24
0.484419226471459,0.07692307692307693,0.041666666666666664,0.05405405405405406,0.5214626391096979,0.046047414460594835,1,12,1555,23,0.007657945118059983,0.9583333333332935,0.6629174643692831,0.03559260360802374,sage,transductive,55,44,1591,24
0.484419226471459,0.0,0.0,0.0,0.49815043156596794,-0.0036762320861047425,0,4,1212,5,0.003289473684210524,0.9999999999997999,0.7725328947368422,0.011545612254515121,sage,transductive,55,45,1221,5
0.484419226471459,0.0,0.0,0.0,0.49859154929577465,-0.0028169014084507044,0,2,708,2,0.0028169014084507,0.9999999999995,0.8908450704225352,0.02074213049822806,sage,transductive,55,46,712,2
0.484419226471459,0.0,0.0,0.0,0.49250149970005996,-0.009747529867994788,0,3,821,22,0.0036407766990291216,0.9999999999999546,0.8419020300088261,0.09847756932188695,sage,transductive,55,47,846,22
0.484419226471459,0.5,0.027777777777777776,0.05263157894736842,0.5064042850489054,0.10410596103822242,1,1,434,35,0.0022988505747126384,0.9722222222221951,0.934227330779055,0.46257610724827863,sage,transductive,55,48,471,36
0.484419226471459,0.0625,0.017857142857142856,0.027777777777777776,0.4741161616161616,-0.03192211990345307,1,15,405,55,0.03571428571428563,0.9821428571428396,0.5329081632653061,0.11779527053378326,sage,transductive,55,49,476,56
0.950849173820182,0.9534883720930233,0.6861924686192469,0.7980535279805353,0.8883775466435907,0.790243929761336,164,8,1907,75,0.004177545691906003,0.31380753138075185,0.9555305504877809,0.8580653715493859,fusion,transductive,56,42,2154,239
0.950849173820182,0.0,0.0,0.0,0.49502395871728716,-0.006255463019160538,0,3,1343,24,0.002228826151560177,0.9999999999999584,0.8506376919266964,0.06517232284902336,fusion,transductive,56,43,1370,24
0.950849173820182,0.09090909090909091,0.041666666666666664,0.05714285714285714,0.5233283399155658,0.05190460826963998,1,10,1557,23,0.006381620931716652,0.9583333333332935,0.5618485428632206,0.037251530172952796,fusion,transductive,56,44,1591,24
0.950849173820182,0.0,0.0,0.0,0.4969097651421508,-0.005827015094837825,0,10,1206,5,0.00822368421052631,0.9999999999997999,0.808388157894737,0.012007342480138981,fusion,transductive,56,45,1221,5
0.950849173820182,0.0,0.0,0.0,0.49823819591261453,-0.0034524176899670377,0,3,707,2,0.00422535211267605,0.9999999999995,0.9612676056338028,0.05844155844155844,fusion,transductive,56,46,712,2
0.950849173820182,0.0,0.0,0.0,0.49280575539568344,-0.00795410846866648,0,2,822,22,0.0024271844660194147,0.9999999999999546,0.7487312444836717,0.051792271689056674,fusion,transductive,56,47,846,22
0.950849173820182,0.5,0.027777777777777776,0.05263157894736842,0.5064042850489054,0.10410596103822242,1,1,434,35,0.0022988505747126384,0.9722222222221951,0.8834610472541506,0.32557376761043444,fusion,transductive,56,48,471,36
0.950849173820182,0.0,0.0,0.0,0.45785876993166286,-0.07238905077764926,0,18,402,56,0.04285714285714275,0.9999999999999821,0.420110544217687,0.0945362314243848,fusion,transductive,56,49,476,56
0.9035195329184634,0.9397590361445783,0.6527196652719666,0.7703703703703704,0.8732712728100891,0.7625342546765407,156,10,1905,83,0.005221932114882504,0.34728033472803205,0.9517375487507783,0.8498125121852456,gat_zero_dgi,transductive,56,42,2154,239
0.9035195329184634,0.0,0.0,0.0,0.49465142014016966,-0.00808168218002331,0,5,1341,24,0.003714710252600295,0.9999999999999584,0.8555596830113917,0.06059550905360127,gat_zero_dgi,transductive,56,43,1370,24
0.9035195329184634,0.0,0.0,0.0,0.4949206349206349,-0.008797831880193062,0,8,1559,24,0.005105296745373322,0.9999999999999584,0.6030365879600085,0.022778967845036753,gat_zero_dgi,transductive,56,44,1591,24
0.9035195329184634,0.0,0.0,0.0,0.49753086419753084,-0.004869203116779627,0,7,1209,5,0.005756578947368416,0.9999999999997999,0.8583881578947369,0.02071668382714407,gat_zero_dgi,transductive,56,45,1221,5
0.9035195329184634,0.3333333333333333,0.5,0.4,0.6989429175475688,0.4062344815194548,1,2,708,1,0.0028169014084507,0.49999999999975,0.9373239436619718,0.510989010989011,gat_zero_dgi,transductive,56,46,712,2
0.9035195329184634,0.0,0.0,0.0,0.4934131736526946,0.0,0,0,824,22,0.0,0.9999999999999546,0.739629302736099,0.047458730714272694,gat_zero_dgi,transductive,56,47,846,22
0.9035195329184634,0.5,0.027777777777777776,0.05263157894736842,0.5064042850489054,0.10410596103822242,1,1,434,35,0.0022988505747126384,0.9722222222221951,0.874904214559387,0.30997326215451537,gat_zero_dgi,transductive,56,48,471,36
0.9035195329184634,0.0,0.0,0.0,0.4657687991021324,-0.03762217653220669,0,5,415,56,0.011904761904761876,0.9999999999999821,0.42908163265306126,0.09649345513076152,gat_zero_dgi,transductive,56,49,476,56
0.9126851162098625,0.8862275449101796,0.6192468619246861,0.729064039408867,0.8504366839791644,0.7156081922828647,148,19,1896,91,0.009921671018276759,0.38075313807531225,0.9441187716442531,0.8118750840285521,gat,transductive,56,42,2154,239
0.9126851162098625,0.0,0.0,0.0,0.49409158050221563,-0.01023386139323978,0,8,1338,24,0.005943536404160472,0.9999999999999584,0.7926263001485884,0.043128091770764966,gat,transductive,56,43,1370,24
0.9126851162098625,0.0,0.0,0.0,0.4945997458703939,-0.009842494655864804,0,10,1557,24,0.006381620931716652,0.9999999999999584,0.5978249308657733,0.017890063693967274,gat,transductive,56,44,1591,24
0.9126851162098625,0.0,0.0,0.0,0.49524596940884663,-0.007843712260396072,0,18,1198,5,0.014802631578947357,0.9999999999997999,0.8600328947368421,0.01799872665628467,gat,transductive,56,45,1221,5
0.9126851162098625,0.0,0.0,0.0,0.49929676511954996,0.0,0,0,710,2,0.0,0.9999999999995,0.8676056338028169,0.1053763440860215,gat,transductive,56,46,712,2
0.9126851162098625,0.0,0.0,0.0,0.49250149970005996,-0.009747529867994788,0,3,821,22,0.0036407766990291216,0.9999999999999546,0.6855141218005296,0.03948650528137246,gat,transductive,56,47,846,22
0.9126851162098625,0.6666666666666666,0.05555555555555555,0.10256410256410256,0.531902206320811,0.17786341144160595,2,1,434,34,0.0022988505747126384,0.9444444444444181,0.8780332056194124,0.31817337738707135,gat,transductive,56,48,471,36
0.9126851162098625,0.0,0.0,0.0,0.46275395033860045,-0.05349046951599404,0,10,410,56,0.023809523809523753,0.9999999999999821,0.5585459183673469,0.12117506409184806,gat,transductive,56,49,476,56
0.6730432172110865,0.9395973154362416,0.5857740585774058,0.7216494845360825,0.8470492320639595,0.7192248748731332,140,9,1906,99,0.004699738903394254,0.4142259414225924,0.9243256825108973,0.7958845009775959,gcn,transductive,56,42,2154,239
0.6730432172110865,0.0,0.0,0.0,0.49409158050221563,-0.01023386139323978,0,8,1338,24,0.005943536404160472,0.9999999999999584,0.533122833085686,0.021684547500665716,gcn,transductive,56,43,1370,24
0.6730432172110865,0.0,0.0,0.0,0.4950809266899397,-0.008227020017399484,0,7,1560,24,0.004467134652201657,0.9999999999999584,0.5169112954690491,0.025547086240053078,gcn,transductive,56,44,1591,24
0.6730432172110865,0.0,0.0,0.0,0.4989741485432909,0.0,0,0,1216,5,0.0,0.9999999999997999,0.7907894736842106,0.012196210436375325,gcn,transductive,56,45,1221,5
0.6730432172110865,0.0,0.0,0.0,0.49823819591261453,-0.0034524176899670377,0,3,707,2,0.00422535211267605,0.9999999999995,0.5507042253521127,0.027923506515484853,gcn,transductive,56,46,712,2
0.6730432172110865,0.0,0.0,0.0,0.4934131736526946,0.0,0,0,824,22,0.0,0.9999999999999546,0.6961054721977052,0.050922463380429606,gcn,transductive,56,47,846,22
0.6730432172110865,0.0,0.0,0.0,0.48013245033112584,0.0,0,0,435,36,0.0,0.9999999999999721,0.8828224776500639,0.3879374131095498,gcn,transductive,56,48,471,36
0.6730432172110865,0.0,0.0,0.0,0.46875,0.0,0,0,420,56,0.0,0.9999999999999821,0.725297619047619,0.1828587664508998,gcn,transductive,56,49,476,56
0.5650947291090523,0.9037433155080213,0.7071129707112971,0.7934272300469484,0.8853792512934382,0.7782828815302334,169,18,1897,70,0.009399477806788507,0.2928870292887017,0.9541409484689249,0.7861818323260632,sage,transductive,56,42,2154,239
0.5650947291090523,0.0,0.0,0.0,0.4948377581120944,-0.0072258299512631945,0,4,1342,24,0.002971768202080236,0.9999999999999584,0.8233655274888558,0.06218851976089247,sage,transductive,56,43,1370,24
0.5650947291090523,0.08333333333333333,0.041666666666666664,0.05555555555555555,0.5223740905559088,0.048811551100728656,1,11,1556,23,0.007019783024888318,0.9583333333332935,0.6512710061689002,0.03515467958575321,sage,transductive,56,44,1591,24
0.5650947291090523,0.0,0.0,0.0,0.49856262833675563,-0.0025973552855766526,0,2,1214,5,0.001644736842105262,0.9999999999997999,0.7947368421052632,0.014907570051128069,sage,transductive,56,45,1221,5
0.5650947291090523,0.0,0.0,0.0,0.4989444053483462,-0.0019904488565202906,0,1,709,2,0.00140845070422535,0.9999999999995,0.5232394366197184,0.007630233301374241,sage,transductive,56,46,712,2
0.5650947291090523,0.0,0.0,0.0,0.49280575539568344,-0.00795410846866648,0,2,822,22,0.0024271844660194147,0.9999999999999546,0.8797440423654015,0.10827500266355386,sage,transductive,56,47,846,22
0.5650947291090523,0.0,0.0,0.0,0.47955801104972373,-0.013269595761744867,0,1,434,36,0.0022988505747126384,0.9999999999999721,0.9407407407407408,0.4508455075756731,sage,transductive,56,48,471,36
0.5650947291090523,0.5,0.017857142857142856,0.034482758620689655,0.48592146879580345,0.07708654058785551,1,1,419,55,0.002380952380952375,0.9821428571428396,0.43626700680272107,0.14647937056272511,sage,transductive,56,49,476,56
0.7236612109055488,0.8571428571428571,0.7280334728033473,0.7873303167420814,0.8815078898764727,0.7663534719482544,174,29,1886,65,0.015143603133159262,0.2719665271966516,0.9482613587948043,0.8447811298439444,fusion,transductive,57,42,2154,239
0.7236612109055488,0.0,0.0,0.0,0.4925925925925926,-0.014515558489317482,0,16,1330,24,0.011887072808320943,0.9999999999999584,0.8337357602773651,0.06551079375067168,fusion,transductive,57,43,1370,24
0.7236612109055488,0.0625,0.041666666666666664,0.05,0.5189528962444303,0.03920729502182368,1,15,1552,23,0.00957243139757498,0.9583333333332935,0.6017602637736652,0.041957366209531305,fusion,transductive,57,44,1591,24
0.7236612109055488,0.0,0.0,0.0,0.497737556561086,-0.004506150586965627,0,6,1210,5,0.004934210526315786,0.9999999999997999,0.8304276315789474,0.016428067447194983,fusion,transductive,57,45,1221,5
0.7236612109055488,0.25,0.5,0.3333333333333333,0.6652562294311236,0.3510604154472902,1,3,707,1,0.00422535211267605,0.49999999999975,0.9492957746478874,0.5135135135135135,fusion,transductive,57,46,712,2
0.7236612109055488,0.0,0.0,0.0,0.49310964649490713,-0.005621075001548533,0,1,823,22,0.0012135922330097073,0.9999999999999546,0.7742166813768756,0.06606675125076845,fusion,transductive,57,47,846,22
0.7236612109055488,0.6,0.08333333333333333,0.14634146341463414,0.5537478682223004,0.2041217284747479,3,2,433,33,0.004597701149425277,0.9166666666666412,0.8856960408684547,0.31253295907933304,fusion,transductive,57,48,471,36
0.7236612109055488,0.0,0.0,0.0,0.4633596392333709,-0.05069115453164986,0,9,411,56,0.021428571428571377,0.9999999999999821,0.44434523809523807,0.0981594990329345,fusion,transductive,57,49,476,56
0.874625973855446,0.9371069182389937,0.6234309623430963,0.7487437185929648,0.8615841355113162,0.7425892740684117,149,10,1905,90,0.005221932114882504,0.3765690376569022,0.9413351977888722,0.825831103823199,gat_zero_dgi,transductive,57,42,2154,239
0.874625973855446,0.0,0.0,0.0,0.49465142014016966,-0.00808168218002331,0,5,1341,24,0.003714710252600295,0.9999999999999584,0.8218177315502723,0.051819756759425656,gat_zero_dgi,transductive,57,43,1370,24
0.874625973855446,0.0,0.0,0.0,0.4955611921369689,-0.006213161677990469,0,4,1563,24,0.002552648372686661,0.9999999999999584,0.559349074664965,0.023396449144869314,gat_zero_dgi,transductive,57,44,1591,24
0.874625973855446,0.0,0.0,0.0,0.4971169686985173,-0.005525710902651071,0,9,1207,5,0.007401315789473679,0.9999999999997999,0.8786184210526315,0.025747484610007067,gat_zero_dgi,transductive,57,45,1221,5
0.874625973855446,0.25,0.5,0.3333333333333333,0.6652562294311236,0.3510604154472902,1,3,707,1,0.00422535211267605,0.49999999999975,0.9323943661971831,0.2603092783505155,gat_zero_dgi,transductive,57,46,712,2
0.874625973855446,0.0,0.0,0.0,0.4934131736526946,0.0,0,0,824,22,0.0,0.9999999999999546,0.771679170344219,0.053995755740224194,gat_zero_dgi,transductive,57,47,846,22
0.874625973855446,0.4,0.05555555555555555,0.0975609756097561,0.5282477464064319,0.1261482214904768,2,3,432,34,0.0068965517241379145,0.9444444444444181,0.889080459770115,0.2965141553912787,gat_zero_dgi,transductive,57,48,471,36
0.874625973855446,0.0,0.0,0.0,0.45847554038680316,-0.07027283689263064,0,17,403,56,0.04047619047619038,0.9999999999999821,0.38201530612244894,0.08951414196975906,gat_zero_dgi,transductive,57,49,476,56
0.9280210879217621,0.8421052631578947,0.602510460251046,0.7024390243902439,0.8355704613998423,0.6836044640826879,144,27,1888,95,0.014099216710182761,0.39748953974895235,0.9255798201820029,0.7620466634276364,gat,transductive,57,42,2154,239
0.9280210879217621,0.0,0.0,0.0,0.49427833148763384,-0.00956938842255011,0,7,1339,24,0.005200594353640412,0.9999999999999584,0.7313645368994552,0.0328944786574369,gat,transductive,57,43,1370,24
0.9280210879217621,0.0,0.0,0.0,0.4894094993581515,-0.020378398890196908,0,42,1525,24,0.02680280791320994,0.9999999999999584,0.5236917677089981,0.014958940197150977,gat,transductive,57,44,1591,24
0.9280210879217621,0.0,0.0,0.0,0.4958711808422791,-0.0071513855120584205,0,15,1201,5,0.012335526315789465,0.9999999999997999,0.6960526315789474,0.0076255577253790795,gat,transductive,57,45,1221,5
0.9280210879217621,0.0,0.0,0.0,0.49823819591261453,-0.0034524176899670377,0,3,707,2,0.00422535211267605,0.9999999999995,0.5816901408450704,0.02554563492063492,gat,transductive,57,46,712,2
0.9280210879217621,0.0,0.0,0.0,0.49005424954792043,-0.01875429916024684,0,11,813,22,0.01334951456310678,0.9999999999999546,0.7708517210944396,0.05437179197601125,gat,transductive,57,47,846,22
0.9280210879217621,0.5,0.1111111111111111,0.18181818181818182,0.5708645474792469,0.20955668474436606,4,4,431,32,0.009195402298850554,0.8888888888888642,0.9001277139208174,0.3557882401755167,gat,transductive,57,48,471,36
0.9280210879217621,0.0,0.0,0.0,0.4663677130044843,-0.03361463227264072,0,4,416,56,0.0095238095238095,0.9999999999999821,0.4354166666666667,0.09684683053218969,gat,transductive,57,49,476,56
0.5842561601659305,0.9440993788819876,0.6359832635983264,0.76,0.8677175025588537,0.7539476770607667,152,9,1906,87,0.004699738903394254,0.36401673640167215,0.9371489124616275,0.8369811496110909,gcn,transductive,57,42,2154,239
0.5842561601659305,0.0,0.0,0.0,0.49353049907578556,-0.01201350421587039,0,11,1335,24,0.008172362555720649,0.9999999999999584,0.6412209014363547,0.02863495582765538,gcn,transductive,57,43,1370,24
0.5842561601659305,0.125,0.041666666666666664,0.0625,0.5264880952380953,0.0641050354186984,1,7,1560,23,0.004467134652201657,0.9583333333332935,0.5860987024037438,0.061529299738708666,gcn,transductive,57,44,1591,24
0.5842561601659305,0.0,0.0,0.0,0.49856262833675563,-0.0025973552855766526,0,2,1214,5,0.001644736842105262,0.9999999999997999,0.7845394736842105,0.011976806089807142,gcn,transductive,57,45,1221,5
0.5842561601659305,0.0,0.0,0.0,0.49859154929577465,-0.0028169014084507044,0,2,708,2,0.0028169014084507,0.9999999999995,0.47464788732394364,0.011236586325074443,gcn,transductive,57,46,712,2
0.5842561601659305,0.0,0.0,0.0,0.49310964649490713,-0.005621075001548533,0,1,823,22,0.0012135922330097073,0.9999999999999546,0.6460172109443955,0.043081989909614996,gcn,transductive,57,47,846,22
0.5842561601659305,0.0,0.0,0.0,0.48013245033112584,0.0,0,0,435,36,0.0,0.9999999999999721,0.8822477650063857,0.33002241473796157,gcn,transductive,57,48,471,36
0.5842561601659305,0.0,0.0,0.0,0.46756152125279643,-0.023718935565494002,0,2,418,56,0.00476190476190475,0.9999999999999821,0.6935799319727891,0.16765156051185504,gcn,transductive,57,49,476,56
0.683262257543324,0.8969072164948454,0.7280334728033473,0.8036951501154734,0.8908798331222528,0.7872824676323709,174,20,1895,65,0.010443864229765008,0.2719665271966516,0.959023127260015,0.845068543607458,sage,transductive,57,42,2154,239
0.683262257543324,0.0,0.0,0.0,0.4925925925925926,-0.014515558489317482,0,16,1330,24,0.011887072808320943,0.9999999999999584,0.821755819712729,0.07523213420474009,sage,transductive,57,43,1370,24
0.683262257543324,0.08333333333333333,0.041666666666666664,0.05555555555555555,0.5223740905559088,0.048811551100728656,1,11,1556,23,0.007019783024888318,0.9583333333332935,0.6926983620506275,0.04620401643327103,sage,transductive,57,44,1591,24
0.683262257543324,0.0,0.0,0.0,0.497737556561086,-0.004506150586965627,0,6,1210,5,0.004934210526315786,0.9999999999997999,0.852138157894737,0.01924486263129765,sage,transductive,57,45,1221,5
0.683262257543324,0.0,0.0,0.0,0.49859154929577465,-0.0028169014084507044,0,2,708,2,0.0028169014084507,0.9999999999995,0.9014084507042253,0.020545073375262055,sage,transductive,57,46,712,2
0.683262257543324,0.0,0.0,0.0,0.49310964649490713,-0.005621075001548533,0,1,823,22,0.0012135922330097073,0.9999999999999546,0.8527140335392763,0.10202988568930163,sage,transductive,57,47,846,22
0.683262257543324,1.0,0.027777777777777776,0.05405405405405406,0.5076900104524413,0.1603409487877505,1,0,435,35,0.0,0.9722222222221951,0.9277139208173691,0.5606773025193471,sage,transductive,57,48,471,36
0.683262257543324,0.5,0.017857142857142856,0.034482758620689655,0.48592146879580345,0.07708654058785551,1,1,419,55,0.002380952380952375,0.9821428571428396,0.5282312925170068,0.14565395657468438,sage,transductive,57,49,476,56
0.7973544785421187,0.9016393442622951,0.6903765690376569,0.7819905213270142,0.8791578957638674,0.7670911718793377,165,18,1897,74,0.009399477806788507,0.3096234309623418,0.9460393065099358,0.8489003114830659,fusion,transductive,58,42,2154,239
0.7973544785421187,0.0,0.0,0.0,0.49465142014016966,-0.00808168218002331,0,5,1341,24,0.003714710252600295,0.9999999999999584,0.8313211986131748,0.0651482597772891,fusion,transductive,58,43,1370,24
0.7973544785421187,0.0,0.0,0.0,0.4950809266899397,-0.008227020017399484,0,7,1560,24,0.004467134652201657,0.9999999999999584,0.5805147840884918,0.021820750652903224,fusion,transductive,58,44,1591,24
0.7973544785421187,0.0,0.0,0.0,0.49670239076669415,-0.006113949850556482,0,11,1205,5,0.00904605263157894,0.9999999999997999,0.8675986842105263,0.01728560707202424,fusion,transductive,58,45,1221,5
0.7973544785421187,0.3333333333333333,0.5,0.4,0.6989429175475688,0.4062344815194548,1,2,708,1,0.0028169014084507,0.49999999999975,0.9500000000000001,0.2638888888888889,fusion,transductive,58,46,712,2
0.7973544785421187,0.0,0.0,0.0,0.49310964649490713,-0.005621075001548533,0,1,823,22,0.0012135922330097073,0.9999999999999546,0.7299205648720213,0.052553058627761474,fusion,transductive,58,47,846,22
0.7973544785421187,0.8,0.1111111111111111,0.1951219512195122,0.579247990038169,0.28209523545901904,4,1,434,32,0.0022988505747126384,0.8888888888888642,0.910089399744572,0.37548198352846496,fusion,transductive,58,48,471,36
0.7973544785421187,0.0,0.0,0.0,0.4609286523216308,-0.06118578678058886,0,13,407,56,0.030952380952380877,0.9999999999999821,0.44145408163265304,0.09751857826339044,fusion,transductive,58,49,476,56
0.8283558398076932,0.7703349282296651,0.6736401673640168,0.71875,0.843053756476684,0.6881934368912885,161,48,1867,78,0.02506527415143602,0.3263598326359819,0.9301834230966713,0.7930215327287161,gat_zero_dgi,transductive,58,42,2154,239
0.8283558398076932,0.0,0.0,0.0,0.4920281794586578,-0.015835515907419717,0,19,1327,24,0.014115898959881119,0.9999999999999584,0.6462976721149084,0.024725932645424043,gat_zero_dgi,transductive,58,43,1370,24
0.8283558398076932,0.0,0.0,0.0,0.4907170294494238,-0.018288002602688473,0,34,1533,24,0.02169751116783662,0.9999999999999584,0.5954584131035949,0.01804412754343842,gat_zero_dgi,transductive,58,44,1591,24
0.8283558398076932,0.045454545454545456,0.4,0.08163265306122448,0.5314139027947159,0.12522115212887178,2,42,1174,3,0.0345394736842105,0.59999999999988,0.740625,0.022101326608318914,gat_zero_dgi,transductive,58,45,1221,5
0.8283558398076932,0.0,0.0,0.0,0.4978843441466855,-0.003989322902810117,0,4,706,2,0.0056338028169014,0.9999999999995,0.8105633802816902,0.018505123568414706,gat_zero_dgi,transductive,58,46,712,2
0.8283558398076932,0.0,0.0,0.0,0.49128081779915816,-0.014925049293206457,0,7,817,22,0.00849514563106795,0.9999999999999546,0.6429832303618711,0.03630616934173631,gat_zero_dgi,transductive,58,47,846,22
0.8283558398076932,0.75,0.16666666666666666,0.2727272727272727,0.6185462644259971,0.3332423971686724,6,2,433,30,0.004597701149425277,0.8333333333333102,0.8790549169859515,0.4007187636667303,gat_zero_dgi,transductive,58,48,471,36
0.8283558398076932,0.3333333333333333,0.017857142857142856,0.03389830508474576,0.4850342589253516,0.053313949966044646,1,2,418,55,0.00476190476190475,0.9821428571428396,0.4342261904761905,0.1058685891334705,gat_zero_dgi,transductive,58,49,476,56
0.8788753114567811,0.8121546961325967,0.6150627615062761,0.7,0.8337962962962963,0.676205939144029,147,34,1881,92,0.017754569190600512,0.38493723849372224,0.9324600981024067,0.7614931004945257,gat,transductive,58,42,2154,239
0.8788753114567811,0.0,0.0,0.0,0.49409158050221563,-0.01023386139323978,0,8,1338,24,0.005943536404160472,0.9999999999999584,0.7130695889053987,0.03173734852396748,gat,transductive,58,43,1370,24
0.8788753114567811,0.0,0.0,0.0,0.4897370109044259,-0.019874454595873302,0,40,1527,24,0.025526483726866608,0.9999999999999584,0.4916507126143374,0.014193143110876334,gat,transductive,58,44,1591,24
0.8788753114567811,0.0,0.0,0.0,0.4973240016467682,-0.005207542317103447,0,8,1208,5,0.006578947368421048,0.9999999999997999,0.6325657894736842,0.006259250722648102,gat,transductive,58,45,1221,5
0.8788753114567811,0.0,0.0,0.0,0.49823819591261453,-0.0034524176899670377,0,3,707,2,0.00422535211267605,0.9999999999995,0.5274647887323943,0.014730221780867261,gat,transductive,58,46,712,2
0.8788753114567811,0.0,0.0,0.0,0.49250149970005996,-0.009747529867994788,0,3,821,22,0.0036407766990291216,0.9999999999999546,0.7558473080317741,0.05011586210542999,gat,transductive,58,47,846,22
0.8788753114567811,0.7,0.19444444444444445,0.30434782608695654,0.6343167701863355,0.34566674888404453,7,3,432,29,0.0068965517241379145,0.8055555555555332,0.9018518518518519,0.43005552510762574,gat,transductive,58,48,471,36
0.8788753114567811,0.0,0.0,0.0,0.4669652855543113,-0.029080336345115265,0,3,417,56,0.007142857142857125,0.9999999999999821,0.36921768707482994,0.08786208100985744,gat,transductive,58,49,476,56
0.38525225913221256,0.8735632183908046,0.6359832635983264,0.7360774818401937,0.8540464431023819,0.7197888169392113,152,22,1893,87,0.011488250652741509,0.36401673640167215,0.9376361471317609,0.8219368557862712,gcn,transductive,58,42,2154,239
0.38525225913221256,0.0,0.0,0.0,0.4849624060150376,-0.027566359893758316,0,56,1290,24,0.0416047548291233,0.9999999999999584,0.5561540366518078,0.0205719494227826,gcn,transductive,58,43,1370,24
0.38525225913221256,0.1,0.041666666666666664,0.058823529411764705,0.5243291725839001,0.05540504283363896,1,9,1558,23,0.005743458838544987,0.9583333333332935,0.5330514784088491,0.04917462786682933,gcn,transductive,58,44,1591,24
0.38525225913221256,0.0,0.0,0.0,0.497737556561086,-0.004506150586965627,0,6,1210,5,0.004934210526315786,0.9999999999997999,0.6182565789473684,0.009496900245998263,gcn,transductive,58,45,1221,5
0.38525225913221256,0.0,0.0,0.0,0.49823819591261453,-0.0034524176899670377,0,3,707,2,0.00422535211267605,0.9999999999995,0.5007042253521127,0.026445086705202313,gcn,transductive,58,46,712,2
0.38525225913221256,0.0,0.0,0.0,0.49158653846153844,-0.013809683229586608,0,6,818,22,0.007281553398058243,0.9999999999999546,0.7124889673433362,0.059741243348585535,gcn,transductive,58,47,846,22
0.38525225913221256,0.0,0.0,0.0,0.48013245033112584,0.0,0,0,435,36,0.0,0.9999999999999721,0.8892081736909323,0.36199645786042517,gcn,transductive,58,48,471,36
0.38525225913221256,0.25,0.017857142857142856,0.03333333333333333,0.48415545590433484,0.03781646130672081,1,3,417,55,0.007142857142857125,0.9821428571428396,0.704719387755102,0.18642942205036306,gcn,transductive,58,49,476,56
0.6579754548530009,0.9281767955801105,0.702928870292887,0.8,0.8891975308641975,0.7880927316600636,168,13,1902,71,0.006788511749347255,0.29707112970711175,0.9541409484689252,0.8475006420400878,sage,transductive,58,42,2154,239
0.6579754548530009,0.0,0.0,0.0,0.49502395871728716,-0.006255463019160538,0,3,1343,24,0.002228826151560177,0.9999999999999584,0.8287209014363546,0.0508704994416263,sage,transductive,58,43,1370,24
0.6579754548530009,0.125,0.041666666666666664,0.0625,0.5264880952380953,0.0641050354186984,1,7,1560,23,0.004467134652201657,0.9583333333332935,0.604871303977877,0.0323039622752645,sage,transductive,58,44,1591,24
0.6579754548530009,0.0,0.0,0.0,0.4989741485432909,0.0,0,0,1216,5,0.0,0.9999999999997999,0.8351973684210526,0.022677251358293467,sage,transductive,58,45,1221,5
0.6579754548530009,0.0,0.0,0.0,0.49859154929577465,-0.0028169014084507044,0,2,708,2,0.0028169014084507,0.9999999999995,0.5232394366197184,0.009435876623376624,sage,transductive,58,46,712,2
0.6579754548530009,0.0,0.0,0.0,0.49280575539568344,-0.00795410846866648,0,2,822,22,0.0024271844660194147,0.9999999999999546,0.8858671668137688,0.12574943430690536,sage,transductive,58,47,846,22
0.6579754548530009,0.0,0.0,0.0,0.48013245033112584,0.0,0,0,435,36,0.0,0.9999999999999721,0.9257982120051086,0.43058788967162565,sage,transductive,58,48,471,36
0.6579754548530009,0.5,0.017857142857142856,0.034482758620689655,0.48592146879580345,0.07708654058785551,1,1,419,55,0.002380952380952375,0.9821428571428396,0.4496173469387755,0.1385053700033905,sage,transductive,58,49,476,56
0.6847130988675318,0.8601036269430051,0.694560669456067,0.7685185185185185,0.8713593624584337,0.7482890952053203,166,27,1888,73,0.014099216710182761,0.3054393305439318,0.9500748331275878,0.8402593308956855,fusion,transductive,59,42,2154,239
0.6847130988675318,0.0,0.0,0.0,0.4948377581120944,-0.0072258299512631945,0,4,1342,24,0.002971768202080236,0.9999999999999584,0.850575780089153,0.06103282399694912,fusion,transductive,59,43,1370,24
0.6847130988675318,0.0,0.0,0.0,0.4929891650732951,-0.013963620203698075,0,20,1547,24,0.012763241863433304,0.9999999999999584,0.5907785577536694,0.019344292546542692,fusion,transductive,59,44,1591,24
0.6847130988675318,0.0,0.0,0.0,0.49503722084367247,-0.008061999768433572,0,19,1197,5,0.015624999999999988,0.9999999999997999,0.7962171052631579,0.011387540603621573,fusion,transductive,59,45,1221,5
0.6847130988675318,0.2,0.5,0.2857142857142857,0.6410928521020265,0.31332729606885584,1,4,706,1,0.0056338028169014,0.49999999999975,0.947887323943662,0.5131578947368421,fusion,transductive,59,46,712,2
0.6847130988675318,0.0,0.0,0.0,0.49310964649490713,-0.005621075001548533,0,1,823,22,0.0012135922330097073,0.9999999999999546,0.7679832303618712,0.0605407964635419,fusion,transductive,59,47,846,22
0.6847130988675318,0.3333333333333333,0.05555555555555555,0.09523809523809523,0.5265079365079365,0.10983446532020286,2,4,431,34,0.009195402298850554,0.9444444444444181,0.9204980842911877,0.40181105147199686,fusion,transductive,59,48,471,36
0.6847130988675318,0.0,0.0,0.0,0.4669652855543113,-0.029080336345115265,0,3,417,56,0.007142857142857125,0.9999999999999821,0.48524659863945585,0.10978152060177124,fusion,transductive,59,49,476,56
0.9467678830581634,0.9157303370786517,0.6820083682008368,0.7817745803357314,0.8791936381503895,0.7690468806575066,163,15,1900,76,0.007832898172323756,0.31799163179916184,0.9521570512470368,0.8457286916160048,gat_zero_dgi,transductive,59,42,2154,239
0.9467678830581634,0.0,0.0,0.0,0.49502395871728716,-0.006255463019160538,0,3,1343,24,0.002228826151560177,0.9999999999999584,0.838688707280832,0.05540831557024438,gat_zero_dgi,transductive,59,43,1370,24
0.9467678830581634,0.1,0.041666666666666664,0.058823529411764705,0.5243291725839001,0.05540504283363896,1,9,1558,23,0.005743458838544987,0.9583333333332935,0.5604126781535843,0.02150566301006926,gat_zero_dgi,transductive,59,44,1591,24
0.9467678830581634,0.0,0.0,0.0,0.4969097651421508,-0.005827015094837825,0,10,1206,5,0.00822368421052631,0.9999999999997999,0.8697368421052631,0.039284171304565754,gat_zero_dgi,transductive,59,45,1221,5
0.9467678830581634,0.5,0.5,0.5,0.7492957746478873,0.49859154929577465,1,1,709,1,0.00140845070422535,0.49999999999975,0.9873239436619718,0.55,gat_zero_dgi,transductive,59,46,712,2
0.9467678830581634,0.0,0.0,0.0,0.49280575539568344,-0.00795410846866648,0,2,822,22,0.0024271844660194147,0.9999999999999546,0.7464143865842895,0.055165228703166515,gat_zero_dgi,transductive,59,47,846,22
0.9467678830581634,0.2857142857142857,0.05555555555555555,0.09302325581395349,0.5248208603875106,0.09674871412851838,2,5,430,34,0.011494252873563192,0.9444444444444181,0.8853767560664112,0.29981480722693044,gat_zero_dgi,transductive,59,48,471,36
0.9467678830581634,0.0,0.0,0.0,0.4484356894553882,-0.09966082434791791,0,33,387,56,0.07857142857142838,0.9999999999999821,0.4217687074829932,0.09586913845161152,gat_zero_dgi,transductive,59,49,476,56
0.9326384061703241,0.9177215189873418,0.606694560669456,0.7304785894206549,0.851559928819251,0.7226995239990541,145,13,1902,94,0.006788511749347255,0.3933054393305423,0.9489692692572402,0.8301879894514262,gat,transductive,59,42,2154,239
0.9326384061703241,0.0,0.0,0.0,0.4952100221075903,-0.005105697026215995,0,2,1344,24,0.001485884101040118,0.9999999999999584,0.8755572065378902,0.06840339396162931,gat,transductive,59,43,1370,24
0.9326384061703241,0.0,0.0,0.0,0.4954012052013955,-0.006948715539929297,0,5,1562,24,0.003190810465858326,0.9999999999999584,0.5931450755158477,0.01918692093042547,gat,transductive,59,44,1591,24
0.9326384061703241,0.0,0.0,0.0,0.49670239076669415,-0.006113949850556482,0,11,1205,5,0.00904605263157894,0.9999999999997999,0.8486842105263158,0.024576370646458255,gat,transductive,59,45,1221,5
0.9326384061703241,1.0,0.5,0.6666666666666666,0.8329814684494488,0.7066093440647031,1,0,710,1,0.0,0.49999999999975,0.9514084507042254,0.5140845070422535,gat,transductive,59,46,712,2
0.9326384061703241,0.0,0.0,0.0,0.4921968787515006,-0.011262159778651453,0,4,820,22,0.004854368932038829,0.9999999999999546,0.7570609002647838,0.050956908751799854,gat,transductive,59,47,846,22
0.9326384061703241,0.6666666666666666,0.05555555555555555,0.10256410256410256,0.531902206320811,0.17786341144160595,2,1,434,34,0.0022988505747126384,0.9444444444444181,0.8660280970625798,0.2631077284253877,gat,transductive,59,48,471,36
0.9326384061703241,0.0,0.0,0.0,0.45662100456621,-0.07647191129018725,0,20,400,56,0.047619047619047505,0.9999999999999821,0.5232993197278911,0.11237155356099963,gat,transductive,59,49,476,56
0.3556635576334953,0.9166666666666666,0.6443514644351465,0.7567567567567568,0.8656893242896833,0.7461159036136475,154,14,1901,85,0.007310704960835505,0.3556485355648521,0.9285403716529927,0.8320582900432442,gcn,transductive,59,42,2154,239
0.3556635576334953,0.0,0.0,0.0,0.49278045168456125,-0.014049441905298157,0,15,1331,24,0.011144130757800883,0.9999999999999584,0.517211490837048,0.024327500769001576,gcn,transductive,59,43,1370,24
0.3556635576334953,0.25,0.041666666666666664,0.07142857142857142,0.5315925355557569,0.09675704904787241,1,3,1564,23,0.0019144862795149958,0.9583333333332935,0.481838970431823,0.06985229839132417,gcn,transductive,59,44,1591,24
0.3556635576334953,0.0,0.0,0.0,0.4969097651421508,-0.005827015094837825,0,10,1206,5,0.00822368421052631,0.9999999999997999,0.7106907894736841,0.009375658189014941,gcn,transductive,59,45,1221,5
0.3556635576334953,0.0,0.0,0.0,0.49929676511954996,0.0,0,0,710,2,0.0,0.9999999999995,0.5640845070422535,0.047091206665674755,gcn,transductive,59,46,712,2
0.3556635576334953,0.0,0.0,0.0,0.4934131736526946,0.0,0,0,824,22,0.0,0.9999999999999546,0.6771844660194174,0.05368963357850626,gcn,transductive,59,47,846,22
0.3556635576334953,1.0,0.027777777777777776,0.05405405405405406,0.5076900104524413,0.1603409487877505,1,0,435,35,0.0,0.9722222222221951,0.8786079182630906,0.384244037349195,gcn,transductive,59,48,471,36
0.3556635576334953,0.14285714285714285,0.017857142857142856,0.031746031746031744,0.48156480439945004,0.009559280073117226,1,6,414,55,0.01428571428571425,0.9821428571428396,0.8523809523809524,0.31316240677065976,gcn,transductive,59,49,476,56
0.6975964577230689,0.9183673469387755,0.7531380753138075,0.8275862068965517,0.9041106867170597,0.8133523128505069,180,16,1899,59,0.008355091383812007,0.24686192468619145,0.9560986267847975,0.8534437303284069,sage,transductive,59,42,2154,239
0.6975964577230689,0.0,0.0,0.0,0.49353049907578556,-0.01201350421587039,0,11,1335,24,0.008172362555720649,0.9999999999999584,0.8204866270430906,0.057961325789275285,sage,transductive,59,43,1370,24
0.6975964577230689,0.0625,0.041666666666666664,0.05,0.5189528962444303,0.03920729502182368,1,15,1552,23,0.00957243139757498,0.9583333333332935,0.5900606253988514,0.031218716877282393,sage,transductive,59,44,1591,24
0.6975964577230689,0.0,0.0,0.0,0.49835661462612985,-0.0031824031665458855,0,3,1213,5,0.002467105263157893,0.9999999999997999,0.7833881578947368,0.014214074681003669,sage,transductive,59,45,1221,5
0.6975964577230689,0.0,0.0,0.0,0.4989444053483462,-0.0019904488565202906,0,1,709,2,0.00140845070422535,0.9999999999995,0.7711267605633804,0.011294104191685252,sage,transductive,59,46,712,2
0.6975964577230689,0.0,0.0,0.0,0.49310964649490713,-0.005621075001548533,0,1,823,22,0.0012135922330097073,0.9999999999999546,0.879964695498676,0.13831784159387012,sage,transductive,59,47,846,22
0.6975964577230689,0.0,0.0,0.0,0.48013245033112584,0.0,0,0,435,36,0.0,0.9999999999999721,0.9452745849297575,0.5794247217752907,sage,transductive,59,48,471,36
0.6975964577230689,0.5,0.017857142857142856,0.034482758620689655,0.48592146879580345,0.07708654058785551,1,1,419,55,0.002380952380952375,0.9821428571428396,0.39566326530612245,0.12515818993537334,sage,transductive,59,49,476,56
0.9327517045687322,0.9411764705882353,0.6694560669456067,0.78239608801956,0.8797848611423781,0.7737652742441292,160,10,1905,79,0.005221932114882504,0.33054393305439195,0.9546041491418771,0.8512315542233938,fusion,transductive,60,42,2154,239
0.9327517045687322,0.0,0.0,0.0,0.49502395871728716,-0.006255463019160538,0,3,1343,24,0.002228826151560177,0.9999999999999584,0.8592743932639921,0.06735384856538407,fusion,transductive,60,43,1370,24
0.9327517045687322,0.07692307692307693,0.041666666666666664,0.05405405405405406,0.5214626391096979,0.046047414460594835,1,12,1555,23,0.007657945118059983,0.9583333333332935,0.589608593916188,0.026040140553274378,fusion,transductive,60,44,1591,24
0.9327517045687322,0.0,0.0,0.0,0.49753086419753084,-0.004869203116779627,0,7,1209,5,0.005756578947368416,0.9999999999997999,0.809046052631579,0.012086953554933605,fusion,transductive,60,45,1221,5
0.9327517045687322,0.3333333333333333,0.5,0.4,0.6989429175475688,0.4062344815194548,1,2,708,1,0.0028169014084507,0.49999999999975,0.9091549295774648,0.5076335877862596,fusion,transductive,60,46,712,2
0.9327517045687322,0.0,0.0,0.0,0.49310964649490713,-0.005621075001548533,0,1,823,22,0.0012135922330097073,0.9999999999999546,0.7810017652250663,0.06318868241755615,fusion,transductive,60,47,846,22
0.9327517045687322,0.4,0.05555555555555555,0.0975609756097561,0.5282477464064319,0.1261482214904768,2,3,432,34,0.0068965517241379145,0.9444444444444181,0.915389527458493,0.41159443017368774,fusion,transductive,60,48,471,36
0.9327517045687322,0.0,0.0,0.0,0.4681564245810056,-0.01675415633166782,0,1,419,56,0.002380952380952375,0.9999999999999821,0.4475765306122449,0.101505385387023,fusion,transductive,60,49,476,56
0.960982335873546,0.8380952380952381,0.7364016736401674,0.7839643652561247,0.8794141598242271,0.7609239295843326,176,34,1881,63,0.017754569190600512,0.26359832635983155,0.9524323497602062,0.8533792775644718,gat_zero_dgi,transductive,60,42,2154,239
0.960982335873546,0.0,0.0,0.0,0.49427833148763384,-0.00956938842255011,0,7,1339,24,0.005200594353640412,0.9999999999999584,0.8688088162456662,0.06599016641296758,gat_zero_dgi,transductive,60,43,1370,24
0.960982335873546,0.037037037037037035,0.041666666666666664,0.0392156862745098,0.5117828670912632,0.023663082463708737,1,26,1541,23,0.016592214422463294,0.9583333333332935,0.6141246543288662,0.03384185877301042,gat_zero_dgi,transductive,60,44,1591,24
0.960982335873546,0.0,0.0,0.0,0.49670239076669415,-0.006113949850556482,0,11,1205,5,0.00904605263157894,0.9999999999997999,0.9138157894736842,0.038352927042958194,gat_zero_dgi,transductive,60,45,1221,5
0.960982335873546,0.0,0.0,0.0,0.4971751412429379,-0.004892818413398686,0,6,704,2,0.0084507042253521,0.9999999999995,0.9753521126760564,0.08012820512820512,gat_zero_dgi,transductive,60,46,712,2
0.960982335873546,0.0,0.0,0.0,0.49250149970005996,-0.009747529867994788,0,3,821,22,0.0036407766990291216,0.9999999999999546,0.785414827890556,0.05950743488270817,gat_zero_dgi,transductive,60,47,846,22
0.960982335873546,0.5714285714285714,0.1111111111111111,0.18604651162790697,0.573557182399048,0.22883174124310432,4,3,432,32,0.0068965517241379145,0.8888888888888642,0.8769476372924649,0.30953716033902645,gat_zero_dgi,transductive,60,48,471,36
0.960982335873546,0.0,0.0,0.0,0.4590909090909091,-0.06810052246069988,0,16,404,56,0.038095238095238,0.9999999999999821,0.5012755102040816,0.10762708822419087,gat_zero_dgi,transductive,60,49,476,56
0.8659067839792329,0.847953216374269,0.606694560669456,0.7073170731707317,0.8382660276064022,0.6890721422924415,145,26,1889,94,0.01357702349869451,0.3933054393305423,0.933355910724625,0.7872304038438263,gat,transductive,60,42,2154,239
0.8659067839792329,0.0,0.0,0.0,0.4944649446494465,-0.00885628391958432,0,6,1340,24,0.004457652303120354,0.9999999999999584,0.6788942545814759,0.026805974661958953,gat,transductive,60,43,1370,24
0.8659067839792329,0.0,0.0,0.0,0.49088,-0.01801127121422084,0,33,1534,24,0.021059349074664953,0.9999999999999584,0.4725058498191874,0.013572524078092929,gat,transductive,60,44,1591,24
0.8659067839792329,0.0,0.0,0.0,0.49503722084367247,-0.008061999768433572,0,19,1197,5,0.015624999999999988,0.9999999999997999,0.7588815789473684,0.00967194200334596,gat,transductive,60,45,1221,5
0.8659067839792329,0.0,0.0,0.0,0.49929676511954996,0.0,0,0,710,2,0.0,0.9999999999995,0.4964788732394366,0.02416405433646813,gat,transductive,60,46,712,2
0.8659067839792329,0.0,0.0,0.0,0.49128081779915816,-0.014925049293206457,0,7,817,22,0.00849514563106795,0.9999999999999546,0.7007391879964695,0.04196491259375329,gat,transductive,60,47,846,22
0.8659067839792329,0.75,0.08333333333333333,0.15,0.5561529933481153,0.23462663243798956,3,1,434,33,0.0022988505747126384,0.9166666666666412,0.8676245210727969,0.3747051227026566,gat,transductive,60,48,471,36
0.8659067839792329,0.0,0.0,0.0,0.4669652855543113,-0.029080336345115265,0,3,417,56,0.007142857142857125,0.9999999999999821,0.2666241496598639,0.0772750173129979,gat,transductive,60,49,476,56
0.39373223649778955,0.9010989010989011,0.6861924686192469,0.7790973871733967,0.8775857401521729,0.7642756843950933,164,18,1897,75,0.009399477806788507,0.31380753138075185,0.9311185640779139,0.8297786689561186,gcn,transductive,60,42,2154,239
0.39373223649778955,0.0,0.0,0.0,0.49278045168456125,-0.014049441905298157,0,15,1331,24,0.011144130757800883,0.9999999999999584,0.6214710252600297,0.02979143598123645,gcn,transductive,60,43,1370,24
0.39373223649778955,0.0,0.0,0.0,0.4945997458703939,-0.009842494655864804,0,10,1557,24,0.006381620931716652,0.9999999999999584,0.5132152733460966,0.02275546057977928,gcn,transductive,60,44,1591,24
0.39373223649778955,0.0,0.0,0.0,0.4989741485432909,0.0,0,0,1216,5,0.0,0.9999999999997999,0.7279605263157896,0.009838289654915738,gcn,transductive,60,45,1221,5
0.39373223649778955,0.0,0.0,0.0,0.49929676511954996,0.0,0,0,710,2,0.0,0.9999999999995,0.4936619718309859,0.026424501424501427,gcn,transductive,60,46,712,2
0.39373223649778955,0.0,0.0,0.0,0.4934131736526946,0.0,0,0,824,22,0.0,0.9999999999999546,0.7000772285966461,0.052769077308304935,gcn,transductive,60,47,846,22
0.39373223649778955,0.0,0.0,0.0,0.47955801104972373,-0.013269595761744867,0,1,434,36,0.0022988505747126384,0.9999999999999721,0.9094508301404853,0.4039632184113535,gcn,transductive,60,48,471,36
0.39373223649778955,0.0,0.0,0.0,0.46396396396396394,-0.04774099160262886,0,8,412,56,0.019047619047619,0.9999999999999821,0.7011054421768708,0.1688831750978919,gcn,transductive,60,49,476,56
0.5349889057023186,0.9109947643979057,0.7280334728033473,0.8093023255813954,0.8940787027597539,0.794565543820678,174,17,1898,65,0.008877284595300256,0.2719665271966516,0.9522149513311556,0.7826036689426318,sage,transductive,60,42,2154,239
0.5349889057023186,0.0,0.0,0.0,0.4914625092798812,-0.01705883958300905,0,22,1324,24,0.016344725111441298,0.9999999999999584,0.7988174839029223,0.047372102847855035,sage,transductive,60,43,1370,24
0.5349889057023186,0.125,0.041666666666666664,0.0625,0.5264880952380953,0.0641050354186984,1,7,1560,23,0.004467134652201657,0.9583333333332935,0.6225537119761753,0.061368855415678596,sage,transductive,60,44,1591,24
0.5349889057023186,0.0,0.0,0.0,0.49815043156596794,-0.0036762320861047425,0,4,1212,5,0.003289473684210524,0.9999999999997999,0.8172697368421054,0.015843633166008626,sage,transductive,60,45,1221,5
0.5349889057023186,0.0,0.0,0.0,0.4989444053483462,-0.0019904488565202906,0,1,709,2,0.00140845070422535,0.9999999999995,0.8767605633802816,0.016792929292929294,sage,transductive,60,46,712,2
0.5349889057023186,0.0,0.0,0.0,0.49250149970005996,-0.009747529867994788,0,3,821,22,0.0036407766990291216,0.9999999999999546,0.8715247131509267,0.11880439055768356,sage,transductive,60,47,846,22
0.5349889057023186,0.0,0.0,0.0,0.48013245033112584,0.0,0,0,435,36,0.0,0.9999999999999721,0.9107918263090677,0.34532485451860606,sage,transductive,60,48,471,36
0.5349889057023186,0.16666666666666666,0.017857142857142856,0.03225806451612903,0.48242116708952515,0.017190354104313223,1,5,415,55,0.011904761904761876,0.9821428571428396,0.417984693877551,0.11087212538269411,sage,transductive,60,49,476,56
0.9396802660537091,0.8181818181818182,0.602510460251046,0.6939759036144578,0.8306766237825693,0.6716815748273692,144,32,1883,95,0.016710182767624013,0.39748953974895235,0.9286037340091985,0.7652328182565831,fusion,transductive,61,42,2154,239
0.9396802660537091,0.0,0.0,0.0,0.49278045168456125,-0.014049441905298157,0,15,1331,24,0.011144130757800883,0.9999999999999584,0.675520059435364,0.02736667656151115,fusion,transductive,61,43,1370,24
0.9396802660537091,0.0,0.0,0.0,0.48908156711624917,-0.020871434727443905,0,44,1523,24,0.02807913209955327,0.9999999999999584,0.515262710061689,0.0151813408433213,fusion,transductive,61,44,1591,24
0.9396802660537091,0.0,0.0,0.0,0.4969097651421508,-0.005827015094837825,0,10,1206,5,0.00822368421052631,0.9999999999997999,0.6402960526315788,0.006521259146670966,fusion,transductive,61,45,1221,5
0.9396802660537091,0.0,0.0,0.0,0.4971751412429379,-0.004892818413398686,0,6,704,2,0.0084507042253521,0.9999999999995,0.5098591549295775,0.030878040365706398,fusion,transductive,61,46,712,2
0.9396802660537091,0.0,0.0,0.0,0.49280575539568344,-0.00795410846866648,0,2,822,22,0.0024271844660194147,0.9999999999999546,0.6905339805825242,0.040054811515601356,fusion,transductive,61,47,846,22
0.9396802660537091,0.6666666666666666,0.05555555555555555,0.10256410256410256,0.531902206320811,0.17786341144160595,2,1,434,34,0.0022988505747126384,0.9444444444444181,0.9021072796934866,0.4087571222538347,fusion,transductive,61,48,471,36
0.9396802660537091,0.0,0.0,0.0,0.46756152125279643,-0.023718935565494002,0,2,418,56,0.00476190476190475,0.9999999999999821,0.5902636054421768,0.1346769713854229,fusion,transductive,61,49,476,56
0.8531001104067444,0.7205240174672489,0.6903765690376569,0.7051282051282052,0.8345953525641026,0.669401451116671,165,64,1851,74,0.03342036553524803,0.3096234309623418,0.929036345958465,0.7685543677500357,gat_zero_dgi,transductive,61,42,2154,239
0.8531001104067444,0.0,0.0,0.0,0.4925925925925926,-0.014515558489317482,0,16,1330,24,0.011887072808320943,0.9999999999999584,0.6636639425458147,0.02631179814504845,gat_zero_dgi,transductive,61,43,1370,24
0.8531001104067444,0.0,0.0,0.0,0.4837767683322518,-0.0277186198507866,0,76,1491,24,0.04850031908104656,0.9999999999999584,0.5437406934694745,0.015867862160119577,gat_zero_dgi,transductive,61,44,1591,24
0.8531001104067444,0.0,0.0,0.0,0.490613266583229,-0.0118011209520286,0,40,1176,5,0.03289473684210524,0.9999999999997999,0.6881578947368421,0.007564494304986924,gat_zero_dgi,transductive,61,45,1221,5
0.8531001104067444,0.0,0.0,0.0,0.4978843441466855,-0.003989322902810117,0,4,706,2,0.0056338028169014,0.9999999999995,0.5169014084507042,0.0171470700152207,gat_zero_dgi,transductive,61,46,712,2
0.8531001104067444,0.0,0.0,0.0,0.49128081779915816,-0.014925049293206457,0,7,817,22,0.00849514563106795,0.9999999999999546,0.6539607237422771,0.03583430811875196,gat_zero_dgi,transductive,61,47,846,22
0.8531001104067444,0.5,0.08333333333333333,0.14285714285714285,0.5514285714285714,0.18109070935025182,3,3,432,33,0.0068965517241379145,0.9166666666666412,0.8784802043422733,0.41420194285384554,gat_zero_dgi,transductive,61,48,471,36
0.8531001104067444,0.0,0.0,0.0,0.4645669291338583,-0.04460997367454705,0,7,413,56,0.016666666666666625,0.9999999999999821,0.3631377551020408,0.08708057625814353,gat_zero_dgi,transductive,61,49,476,56
0.8296856341296679,0.8095238095238095,0.6401673640167364,0.7149532710280374,0.8417549860294826,0.6897954562096817,153,36,1879,86,0.018798955613577015,0.3598326359832621,0.9402492980980368,0.8043848506623804,gat,transductive,61,42,2154,239
0.8296856341296679,0.0,0.0,0.0,0.4939046915404507,-0.010858636198769717,0,9,1337,24,0.00668647845468053,0.9999999999999584,0.7621966319960377,0.036806294095354235,gat,transductive,61,43,1370,24
0.8296856341296679,0.0,0.0,0.0,0.4934734161095193,-0.012861547301643034,0,17,1550,24,0.01084875558391831,0.9999999999999584,0.6298659859604339,0.019606621947798896,gat,transductive,61,44,1591,24
0.8296856341296679,0.0,0.0,0.0,0.4931506849315068,-0.009823743366775651,0,28,1188,5,0.023026315789473666,0.9999999999997999,0.805921052631579,0.01798930440792325,gat,transductive,61,45,1221,5
0.8296856341296679,0.0,0.0,0.0,0.4989444053483462,-0.0019904488565202906,0,1,709,2,0.00140845070422535,0.9999999999995,0.876056338028169,0.03256578947368421,gat,transductive,61,46,712,2
0.8296856341296679,0.0,0.0,0.0,0.49280575539568344,-0.00795410846866648,0,2,822,22,0.0024271844660194147,0.9999999999999546,0.6139121800529568,0.031826248921027415,gat,transductive,61,47,846,22
0.8296856341296679,0.75,0.08333333333333333,0.15,0.5561529933481153,0.23462663243798956,3,1,434,33,0.0022988505747126384,0.9166666666666412,0.8311621966794381,0.28198192235019953,gat,transductive,61,48,471,36
0.8296856341296679,0.0,0.0,0.0,0.45785876993166286,-0.07238905077764926,0,18,402,56,0.04285714285714275,0.9999999999999821,0.47874149659863946,0.10398621563121399,gat,transductive,61,49,476,56
0.5148782783758381,0.9477124183006536,0.606694560669456,0.7397959183673469,0.8568744658231014,0.7366876608858977,145,8,1907,94,0.004177545691906003,0.3933054393305423,0.9273605208822662,0.8205712749968606,gcn,transductive,61,42,2154,239
0.5148782783758381,0.0,0.0,0.0,0.4933431952662722,-0.012552314989585547,0,12,1334,24,0.008915304606240708,0.9999999999999584,0.5551324913323428,0.020892736970307253,gcn,transductive,61,43,1370,24
0.5148782783758381,0.0,0.0,0.0,0.4950809266899397,-0.008227020017399484,0,7,1560,24,0.004467134652201657,0.9999999999999584,0.5494841523080195,0.023946374512407633,gcn,transductive,61,44,1591,24
0.5148782783758381,0.0,0.0,0.0,0.49815043156596794,-0.0036762320861047425,0,4,1212,5,0.003289473684210524,0.9999999999997999,0.6996710526315789,0.012103073201130144,gcn,transductive,61,45,1221,5
0.5148782783758381,0.0,0.0,0.0,0.4989444053483462,-0.0019904488565202906,0,1,709,2,0.00140845070422535,0.9999999999995,0.47394366197183097,0.012780066958537215,gcn,transductive,61,46,712,2
0.5148782783758381,0.0,0.0,0.0,0.4934131736526946,0.0,0,0,824,22,0.0,0.9999999999999546,0.7368159752868491,0.059887605963906014,gcn,transductive,61,47,846,22
0.5148782783758381,0.0,0.0,0.0,0.48013245033112584,0.0,0,0,435,36,0.0,0.9999999999999721,0.8998084291187739,0.40787024803952115,gcn,transductive,61,48,471,36
0.5148782783758381,0.0,0.0,0.0,0.46756152125279643,-0.023718935565494002,0,2,418,56,0.00476190476190475,0.9999999999999821,0.6958333333333333,0.16580529691885684,gcn,transductive,61,49,476,56
0.6697288644290484,0.8768472906403941,0.7447698744769874,0.8054298642533937,0.8915923247806027,0.7865904516935219,178,25,1890,61,0.01305483028720626,0.2552301255230115,0.9551361744431214,0.808308742612411,sage,transductive,61,42,2154,239
0.6697288644290484,0.0,0.0,0.0,0.48842419716206126,-0.02255395849068008,0,38,1308,24,0.028231797919762238,0.9999999999999584,0.7829680534918276,0.040829443946139875,sage,transductive,61,43,1370,24
0.6697288644290484,0.058823529411764705,0.041666666666666664,0.04878048780487805,0.5181820299578354,0.03729218249471498,1,16,1551,23,0.010210593490746643,0.9583333333332935,0.618379068283344,0.03254207562817896,sage,transductive,61,44,1591,24
0.6697288644290484,0.0,0.0,0.0,0.4987684729064039,-0.001835854673268896,0,1,1215,5,0.000822368421052631,0.9999999999997999,0.812171052631579,0.013652640275847578,sage,transductive,61,45,1221,5
0.6697288644290484,0.0,0.0,0.0,0.49823819591261453,-0.0034524176899670377,0,3,707,2,0.00422535211267605,0.9999999999995,0.647887323943662,0.018247676325861127,sage,transductive,61,46,712,2
0.6697288644290484,0.0,0.0,0.0,0.49250149970005996,-0.009747529867994788,0,3,821,22,0.0036407766990291216,0.9999999999999546,0.8702007943512797,0.1264131873334872,sage,transductive,61,47,846,22
0.6697288644290484,0.0,0.0,0.0,0.47955801104972373,-0.013269595761744867,0,1,434,36,0.0022988505747126384,0.9999999999999721,0.9332056194125159,0.4586241721649531,sage,transductive,61,48,471,36
0.6697288644290484,0.14285714285714285,0.017857142857142856,0.031746031746031744,0.48156480439945004,0.009559280073117226,1,6,414,55,0.01428571428571425,0.9821428571428396,0.3931547619047619,0.09737274289455133,sage,transductive,61,49,476,56
0.8708337824172002,0.9385474860335196,0.702928870292887,0.8038277511961722,0.8913740298397314,0.7932702183769826,168,11,1904,71,0.005744125326370754,0.29707112970711175,0.9498781913324666,0.8605802462351052,fusion,inductive,42,42,2154,239
0.8708337824172002,0.0,0.0,0.0,0.49465142014016966,-0.00808168218002331,0,5,1341,24,0.003714710252600295,0.9999999999999584,0.878931401684002,0.1092619569927459,fusion,inductive,42,43,1370,24
0.8708337824172002,0.125,0.041666666666666664,0.0625,0.5264880952380953,0.0641050354186984,1,7,1560,23,0.004467134652201657,0.9583333333332935,0.620293554562859,0.041639969094833716,fusion,inductive,42,44,1591,24
0.8708337824172002,0.0,0.0,0.0,0.4979440789473684,-0.004111842105263158,0,5,1211,5,0.004111842105263155,0.9999999999997999,0.8501644736842106,0.020503090843577498,fusion,inductive,42,45,1221,5
0.8708337824172002,0.25,0.5,0.3333333333333333,0.6652562294311236,0.3510604154472902,1,3,707,1,0.00422535211267605,0.49999999999975,0.9359154929577465,0.510752688172043,fusion,inductive,42,46,712,2
0.8708337824172002,0.0,0.0,0.0,0.49250149970005996,-0.009747529867994788,0,3,821,22,0.0036407766990291216,0.9999999999999546,0.7314651368049426,0.0585610452070028,fusion,inductive,42,47,846,22
0.8708337824172002,0.6666666666666666,0.1111111111111111,0.19047619047619047,0.5763492063492064,0.2523469533803008,4,2,433,32,0.004597701149425277,0.8888888888888642,0.9124521072796935,0.4539674158827177,fusion,inductive,42,48,471,36
0.8708337824172002,0.0,0.0,0.0,0.46756152125279643,-0.023718935565494002,0,2,418,56,0.00476190476190475,0.9999999999999821,0.6695578231292516,0.17090064478131864,fusion,inductive,42,49,476,56
0.8937080591158858,0.8907103825136612,0.6820083682008368,0.7725118483412322,0.8739038912318616,0.7564883003811451,163,20,1895,76,0.010443864229765008,0.31799163179916184,0.9533401793810152,0.8452201010021495,gat_zero_dgi,inductive,42,42,2154,239
0.8937080591158858,0.0,0.0,0.0,0.49465142014016966,-0.00808168218002331,0,5,1341,24,0.003714710252600295,0.9999999999999584,0.8532379891035166,0.06138320134110821,gat_zero_dgi,inductive,42,43,1370,24
0.8937080591158858,0.16666666666666666,0.041666666666666664,0.06666666666666667,0.5288917089678511,0.07651351496912533,1,5,1562,23,0.003190810465858326,0.9583333333332935,0.5738672622846204,0.02388924470687432,gat_zero_dgi,inductive,42,44,1591,24
0.8937080591158858,0.0,0.0,0.0,0.49753086419753084,-0.004869203116779627,0,7,1209,5,0.005756578947368416,0.9999999999997999,0.8907894736842106,0.02397834268072124,gat_zero_dgi,inductive,42,45,1221,5
0.8937080591158858,0.25,0.5,0.3333333333333333,0.6652562294311236,0.3510604154472902,1,3,707,1,0.00422535211267605,0.49999999999975,0.9866197183098592,0.5476190476190477,gat_zero_dgi,inductive,42,46,712,2
0.8937080591158858,0.0,0.0,0.0,0.4921968787515006,-0.011262159778651453,0,4,820,22,0.004854368932038829,0.9999999999999546,0.768590026478376,0.058018057320869905,gat_zero_dgi,inductive,42,47,846,22
0.8937080591158858,0.4444444444444444,0.1111111111111111,0.17777777777777778,0.56826458565589,0.19332431364899105,4,5,430,32,0.011494252873563192,0.8888888888888642,0.8424010217113665,0.23843847183228967,gat_zero_dgi,inductive,42,48,471,36
0.8937080591158858,0.03333333333333333,0.017857142857142856,0.023255813953488372,0.4631290617111553,-0.0678703004128209,1,29,391,55,0.06904761904761889,0.9821428571428396,0.5443877551020408,0.11726405564951059,gat_zero_dgi,inductive,42,49,476,56
0.8327820533175755,0.8854166666666666,0.7112970711297071,0.7888631090487239,0.8826956762679782,0.7713698072691672,170,22,1893,69,0.011488250652741509,0.2887029288702917,0.9437080087833336,0.8501452483409012,fusion,inductive,43,42,2154,239
0.8327820533175755,0.0,0.0,0.0,0.49465142014016966,-0.00808168218002331,0,5,1341,24,0.003714710252600295,0.9999999999999584,0.7923786527984151,0.04402677611644536,fusion,inductive,43,43,1370,24
0.8327820533175755,0.08333333333333333,0.041666666666666664,0.05555555555555555,0.5223740905559088,0.048811551100728656,1,11,1556,23,0.007019783024888318,0.9583333333332935,0.5392469687300574,0.03705598096268784,fusion,inductive,43,44,1591,24
0.8327820533175755,0.0,0.0,0.0,0.49503722084367247,-0.008061999768433572,0,19,1197,5,0.015624999999999988,0.9999999999997999,0.8567434210526317,0.016789386453698634,fusion,inductive,43,45,1221,5
0.8327820533175755,0.25,0.5,0.3333333333333333,0.6652562294311236,0.3510604154472902,1,3,707,1,0.00422535211267605,0.49999999999975,0.9408450704225353,0.5116279069767442,fusion,inductive,43,46,712,2
0.8327820533175755,0.0,0.0,0.0,0.49280575539568344,-0.00795410846866648,0,2,822,22,0.0024271844660194147,0.9999999999999546,0.7555163283318623,0.05845247198551272,fusion,inductive,43,47,846,22
0.8327820533175755,0.14285714285714285,0.027777777777777776,0.046511627906976744,0.500452699381742,0.030707200571225397,1,6,429,35,0.013793103448275829,0.9722222222221951,0.8736270753512133,0.2614362571252281,fusion,inductive,43,48,471,36
0.8327820533175755,0.0,0.0,0.0,0.44651162790697674,-0.1044465935734187,0,36,384,56,0.0857142857142855,0.9999999999999821,0.5190476190476191,0.11191180093089195,fusion,inductive,43,49,476,56
0.9272952316558523,0.9272727272727272,0.6401673640167364,0.7574257425742574,0.866161641778932,0.7485924522746082,153,12,1903,86,0.006266318537859005,0.3598326359832621,0.9555436599407889,0.8514449082520681,gat_zero_dgi,inductive,43,42,2154,239
0.9272952316558523,0.0,0.0,0.0,0.4952100221075903,-0.005105697026215995,0,2,1344,24,0.001485884101040118,0.9999999999999584,0.866022783556216,0.06841935090780091,gat_zero_dgi,inductive,43,43,1370,24
0.9272952316558523,0.0,0.0,0.0,0.4954012052013955,-0.006948715539929297,0,5,1562,24,0.003190810465858326,0.9999999999999584,0.5930918953414167,0.01964573615858095,gat_zero_dgi,inductive,43,44,1591,24
0.9272952316558523,0.0,0.0,0.0,0.49607924061081304,-0.006906032176697962,0,14,1202,5,0.011513157894736833,0.9999999999997999,0.8741776315789473,0.018348192003970514,gat_zero_dgi,inductive,43,45,1221,5
0.9272952316558523,0.5,0.5,0.5,0.7492957746478873,0.49859154929577465,1,1,709,1,0.00140845070422535,0.49999999999975,0.9373239436619718,0.510989010989011,gat_zero_dgi,inductive,43,46,712,2
0.9272952316558523,0.0,0.0,0.0,0.4934131736526946,0.0,0,0,824,22,0.0,0.9999999999999546,0.7344991173874669,0.04686919502570425,gat_zero_dgi,inductive,43,47,846,22
0.9272952316558523,0.3333333333333333,0.027777777777777776,0.05128205128205128,0.5051537609677145,0.077415369728181,1,2,433,35,0.004597701149425277,0.9722222222221951,0.8813537675606641,0.2831517403795514,gat_zero_dgi,inductive,43,48,471,36
0.9272952316558523,0.0,0.0,0.0,0.45537757437070936,-0.08038088477553659,0,22,398,56,0.05238095238095225,0.9999999999999821,0.42130102040816325,0.0950262989336466,gat_zero_dgi,inductive,43,49,476,56
0.8529358130611783,0.9325153374233128,0.6359832635983264,0.7562189054726368,0.8655646498689349,0.7484439412444205,152,11,1904,87,0.005744125326370754,0.36401673640167215,0.9421960518697358,0.8327849077856916,fusion,inductive,44,42,2154,239
0.8529358130611783,0.0,0.0,0.0,0.4948377581120944,-0.0072258299512631945,0,4,1342,24,0.002971768202080236,0.9999999999999584,0.7828132738979693,0.040253882383883104,fusion,inductive,44,43,1370,24
0.8529358130611783,0.1111111111111111,0.041666666666666664,0.06060606060606061,0.5253808327800071,0.059420743935002865,1,8,1559,23,0.005105296745373322,0.9583333333332935,0.5700116996383748,0.023604976880234246,fusion,inductive,44,44,1591,24
0.8529358130611783,0.0,0.0,0.0,0.4971169686985173,-0.005525710902651071,0,9,1207,5,0.007401315789473679,0.9999999999997999,0.828125,0.013850602082228656,fusion,inductive,44,45,1221,5
0.8529358130611783,0.5,0.5,0.5,0.7492957746478873,0.49859154929577465,1,1,709,1,0.00140845070422535,0.49999999999975,0.9654929577464788,0.27,fusion,inductive,44,46,712,2
0.8529358130611783,0.0,0.0,0.0,0.49280575539568344,-0.00795410846866648,0,2,822,22,0.0024271844660194147,0.9999999999999546,0.7327338923212711,0.0503223144552729,fusion,inductive,44,47,846,22
0.8529358130611783,0.6666666666666666,0.05555555555555555,0.10256410256410256,0.531902206320811,0.17786341144160595,2,1,434,34,0.0022988505747126384,0.9444444444444181,0.8805874840357599,0.2943372200015536,fusion,inductive,44,48,471,36
0.8529358130611783,0.0,0.0,0.0,0.45785876993166286,-0.07238905077764926,0,18,402,56,0.04285714285714275,0.9999999999999821,0.5406462585034013,0.11555737750260991,fusion,inductive,44,49,476,56
0.8771173162003085,0.7307692307692307,0.6359832635983264,0.680089485458613,0.8215262242107879,0.6451834210843475,152,56,1859,87,0.02924281984334202,0.36401673640167215,0.9197657777729223,0.7589906636494941,gat_zero_dgi,inductive,44,42,2154,239
0.8771173162003085,0.0,0.0,0.0,0.4925925925925926,-0.014515558489317482,0,16,1330,24,0.011887072808320943,0.9999999999999584,0.5998637939574046,0.02201592948167034,gat_zero_dgi,inductive,44,43,1370,24
0.8771173162003085,0.0,0.0,0.0,0.4884244372990354,-0.021827740312223946,0,48,1519,24,0.030631780472239932,0.9999999999999584,0.5127366517762179,0.015107159452352734,gat_zero_dgi,inductive,44,44,1591,24
0.8771173162003085,0.0,0.0,0.0,0.49125,-0.011335566407968933,0,37,1179,5,0.030427631578947345,0.9999999999997999,0.7143092105263158,0.008509343210104266,gat_zero_dgi,inductive,44,45,1221,5
0.8771173162003085,0.0,0.0,0.0,0.49646393210749645,-0.0056577595634534445,0,8,702,2,0.0112676056338028,0.9999999999995,0.4816901408450704,0.014584428260379909,gat_zero_dgi,inductive,44,46,712,2
0.8771173162003085,0.0,0.0,0.0,0.49097472924187724,-0.015965066017625686,0,8,816,22,0.009708737864077659,0.9999999999999546,0.6327780229479258,0.03378571894359525,gat_zero_dgi,inductive,44,47,846,22
0.8771173162003085,0.5,0.1111111111111111,0.18181818181818182,0.5708645474792469,0.20955668474436606,4,4,431,32,0.009195402298850554,0.8888888888888642,0.8280970625798212,0.28100201865505503,gat_zero_dgi,inductive,44,48,471,36
0.8771173162003085,0.0,0.0,0.0,0.4651685393258427,-0.04125684985035174,0,6,414,56,0.01428571428571425,0.9999999999999821,0.26721938775510207,0.07731659108473168,gat_zero_dgi,inductive,44,49,476,56
0.9067515983973463,0.95,0.6359832635983264,0.7619047619047619,0.8688009355699302,0.7567358750183291,152,8,1907,87,0.004177545691906003,0.36401673640167215,0.9492882659471035,0.8399235933869618,fusion,inductive,45,42,2154,239
0.9067515983973463,0.0,0.0,0.0,0.4939046915404507,-0.010858636198769717,0,9,1337,24,0.00668647845468053,0.9999999999999584,0.8361503219415553,0.05818925223966281,fusion,inductive,45,43,1370,24
0.9067515983973463,0.0,0.0,0.0,0.4944391483952971,-0.010326161705489792,0,11,1556,24,0.007019783024888318,0.9999999999999584,0.6794033184428845,0.028583012563742988,fusion,inductive,45,44,1591,24
0.9067515983973463,0.0,0.0,0.0,0.49670239076669415,-0.006113949850556482,0,11,1205,5,0.00904605263157894,0.9999999999997999,0.8662828947368421,0.01731661809227918,fusion,inductive,45,45,1221,5
0.9067515983973463,0.3333333333333333,0.5,0.4,0.6989429175475688,0.4062344815194548,1,2,708,1,0.0028169014084507,0.49999999999975,0.9464788732394367,0.5128205128205128,fusion,inductive,45,46,712,2
0.9067515983973463,0.0,0.0,0.0,0.49310964649490713,-0.005621075001548533,0,1,823,22,0.0012135922330097073,0.9999999999999546,0.7168468667255076,0.04880092541173553,fusion,inductive,45,47,846,22
0.9067515983973463,0.75,0.08333333333333333,0.15,0.5561529933481153,0.23462663243798956,3,1,434,33,0.0022988505747126384,0.9166666666666412,0.8916347381864623,0.3744485971966909,fusion,inductive,45,48,471,36
0.9067515983973463,0.0,0.0,0.0,0.46756152125279643,-0.023718935565494002,0,2,418,56,0.00476190476190475,0.9999999999999821,0.5343962585034013,0.12450244960550626,fusion,inductive,45,49,476,56
0.8683629565509564,0.7115384615384616,0.6192468619246861,0.6621923937360179,0.8115416773134894,0.6251654865225866,148,60,1855,91,0.03133159268929502,0.38075313807531225,0.9134994592350635,0.7425440644631687,gat_zero_dgi,inductive,45,42,2154,239
0.8683629565509564,0.0,0.0,0.0,0.49353049907578556,-0.01201350421587039,0,11,1335,24,0.008172362555720649,0.9999999999999584,0.6695146111936603,0.02649111151729553,gat_zero_dgi,inductive,45,43,1370,24
0.8683629565509564,0.0,0.0,0.0,0.48411154345006485,-0.027333433682651384,0,74,1493,24,0.047223994894703226,0.9999999999999584,0.5128164220378643,0.015227900776048797,gat_zero_dgi,inductive,45,44,1591,24
0.8683629565509564,0.0,0.0,0.0,0.4939908827186075,-0.009079809991346766,0,24,1192,5,0.019736842105263143,0.9999999999997999,0.6254934210526315,0.006297441918395947,gat_zero_dgi,inductive,45,45,1221,5
0.8683629565509564,0.0,0.0,0.0,0.49646393210749645,-0.0056577595634534445,0,8,702,2,0.0112676056338028,0.9999999999995,0.6028169014084508,0.021079198066259065,gat_zero_dgi,inductive,45,46,712,2
0.8683629565509564,0.0,0.0,0.0,0.49005424954792043,-0.01875429916024684,0,11,813,22,0.01334951456310678,0.9999999999999546,0.6988084730803177,0.04075718739306776,gat_zero_dgi,inductive,45,47,846,22
0.8683629565509564,0.5,0.16666666666666666,0.25,0.6048657718120805,0.2577693648421601,6,6,429,30,0.013793103448275829,0.8333333333333102,0.8787994891443167,0.2910609764719179,gat_zero_dgi,inductive,45,48,471,36
0.8683629565509564,0.0,0.0,0.0,0.4663677130044843,-0.03361463227264072,0,4,416,56,0.0095238095238095,0.9999999999999821,0.40420918367346936,0.09465551298235415,gat_zero_dgi,inductive,45,49,476,56
0.8086087826180128,0.8857142857142857,0.6485355648535565,0.748792270531401,0.861042257505043,0.7335412046606739,155,20,1895,84,0.010443864229765008,0.35146443514644204,0.9468477227787672,0.8353893840137389,fusion,inductive,46,42,2154,239
0.8086087826180128,0.0,0.0,0.0,0.49465142014016966,-0.00808168218002331,0,5,1341,24,0.003714710252600295,0.9999999999999584,0.7857231302625062,0.0424611772325561,fusion,inductive,46,43,1370,24
0.8086087826180128,0.05263157894736842,0.041666666666666664,0.046511627906976744,0.5167250716788786,0.03386512407484795,1,18,1549,23,0.011486917677089974,0.9583333333332935,0.5531269942565411,0.026447715535763982,fusion,inductive,46,44,1591,24
0.8086087826180128,0.0,0.0,0.0,0.49607924061081304,-0.006906032176697962,0,14,1202,5,0.011513157894736833,0.9999999999997999,0.752467105263158,0.009633603229573538,fusion,inductive,46,45,1221,5
0.8086087826180128,0.5,0.5,0.5,0.7492957746478873,0.49859154929577465,1,1,709,1,0.00140845070422535,0.49999999999975,0.9443661971830987,0.5123456790123457,fusion,inductive,46,46,712,2
0.8086087826180128,0.0,0.0,0.0,0.4934131736526946,0.0,0,0,824,22,0.0,0.9999999999999546,0.7591571050308914,0.053362515023273514,fusion,inductive,46,47,846,22
0.8086087826180128,0.5,0.027777777777777776,0.05263157894736842,0.5064042850489054,0.10410596103822242,1,1,434,35,0.0022988505747126384,0.9722222222221951,0.8802043422733078,0.26339080874866705,fusion,inductive,46,48,471,36
0.8086087826180128,0.0,0.0,0.0,0.46275395033860045,-0.05349046951599404,0,10,410,56,0.023809523809523753,0.9999999999999821,0.4052295918367347,0.09227992428441323,fusion,inductive,46,49,476,56
0.7936988678230463,0.9096045197740112,0.6736401673640168,0.7740384615384616,0.8749431773262708,0.7608536931868072,161,16,1899,78,0.008355091383812007,0.3263598326359819,0.9505052601680195,0.8439727839727995,gat_zero_dgi,inductive,46,42,2154,239
0.7936988678230463,0.0,0.0,0.0,0.49427833148763384,-0.00956938842255011,0,7,1339,24,0.005200594353640412,0.9999999999999584,0.8112927191679049,0.05519326082434119,gat_zero_dgi,inductive,46,43,1370,24
0.7936988678230463,0.14285714285714285,0.041666666666666664,0.06451612903225806,0.5276563507744597,0.06968481836166349,1,6,1561,23,0.0038289725590299915,0.9583333333332935,0.5335300999787279,0.036572583784461946,gat_zero_dgi,inductive,46,44,1591,24
0.7936988678230463,0.0,0.0,0.0,0.49670239076669415,-0.006113949850556482,0,11,1205,5,0.00904605263157894,0.9999999999997999,0.86875,0.025492816866054355,gat_zero_dgi,inductive,46,45,1221,5
0.7936988678230463,0.16666666666666666,0.5,0.25,0.6228813559322034,0.2854144074482567,1,5,705,1,0.00704225352112675,0.49999999999975,0.9225352112676056,0.5089285714285714,gat_zero_dgi,inductive,46,46,712,2
0.7936988678230463,0.0,0.0,0.0,0.49280575539568344,-0.00795410846866648,0,2,822,22,0.0024271844660194147,0.9999999999999546,0.7963371579876435,0.0615665828950127,gat_zero_dgi,inductive,46,47,846,22
0.7936988678230463,0.4444444444444444,0.1111111111111111,0.17777777777777778,0.56826458565589,0.19332431364899105,4,5,430,32,0.011494252873563192,0.8888888888888642,0.8825670498084291,0.3017386929076038,gat_zero_dgi,inductive,46,48,471,36
0.7936988678230463,0.0,0.0,0.0,0.4522439585730725,-0.08954226584098506,0,27,393,56,0.06428571428571413,0.9999999999999821,0.5282312925170067,0.1147154052440241,gat_zero_dgi,inductive,46,49,476,56
0.8682277283089946,0.9390243902439024,0.6443514644351465,0.7642679900744417,0.8699701025916382,0.7568743070927373,154,10,1905,85,0.005221932114882504,0.3556485355648521,0.9454515660334072,0.8419566643143812,fusion,inductive,47,42,2154,239
0.8682277283089946,0.0,0.0,0.0,0.49502395871728716,-0.006255463019160538,0,3,1343,24,0.002228826151560177,0.9999999999999584,0.8034918276374443,0.05085691727841706,fusion,inductive,47,43,1370,24
0.8682277283089946,0.16666666666666666,0.041666666666666664,0.06666666666666667,0.5288917089678511,0.07651351496912533,1,5,1562,23,0.003190810465858326,0.9583333333332935,0.5493246117847266,0.02389667667828693,fusion,inductive,47,44,1591,24
0.8682277283089946,0.0,0.0,0.0,0.4979440789473684,-0.004111842105263158,0,5,1211,5,0.004111842105263155,0.9999999999997999,0.8555921052631579,0.017313471122079545,fusion,inductive,47,45,1221,5
0.8682277283089946,1.0,0.5,0.6666666666666666,0.8329814684494488,0.7066093440647031,1,0,710,1,0.0,0.49999999999975,0.9549295774647888,0.5151515151515151,fusion,inductive,47,46,712,2
0.8682277283089946,0.0,0.0,0.0,0.49310964649490713,-0.005621075001548533,0,1,823,22,0.0012135922330097073,0.9999999999999546,0.720432480141218,0.04653189133166534,fusion,inductive,47,47,846,22
0.8682277283089946,0.6666666666666666,0.05555555555555555,0.10256410256410256,0.531902206320811,0.17786341144160595,2,1,434,34,0.0022988505747126384,0.9444444444444181,0.8939974457215837,0.3413052804752281,fusion,inductive,47,48,471,36
0.8682277283089946,0.0,0.0,0.0,0.4651685393258427,-0.04125684985035174,0,6,414,56,0.01428571428571425,0.9999999999999821,0.5696003401360544,0.12380516735867877,fusion,inductive,47,49,476,56
0.8443127241853166,0.7777777777777778,0.6736401673640168,0.7219730941704036,0.8449326889805928,0.6922677447078448,161,46,1869,78,0.02402088772845952,0.3263598326359819,0.9242579503370222,0.7770552343522611,gat_zero_dgi,inductive,47,42,2154,239
0.8443127241853166,0.0,0.0,0.0,0.4933431952662722,-0.012552314989585547,0,12,1334,24,0.008915304606240708,0.9999999999999584,0.6700718177315502,0.027167466235674877,gat_zero_dgi,inductive,47,43,1370,24
0.8443127241853166,0.0,0.0,0.0,0.486442866365397,-0.024499608951506678,0,60,1507,24,0.03828972559029992,0.9999999999999584,0.49151776217825993,0.014002324885964854,gat_zero_dgi,inductive,47,44,1591,24
0.8443127241853166,0.0,0.0,0.0,0.4935711323102447,-0.00945847098742453,0,26,1190,5,0.021381578947368404,0.9999999999997999,0.7123355263157896,0.008080111764387637,gat_zero_dgi,inductive,47,45,1221,5
0.8443127241853166,0.0,0.0,0.0,0.49859154929577465,-0.0028169014084507044,0,2,708,2,0.0028169014084507,0.9999999999995,0.6,0.011542166888987699,gat_zero_dgi,inductive,47,46,712,2
0.8443127241853166,0.0,0.0,0.0,0.4897466827503016,-0.019599966644448782,0,12,812,22,0.014563106796116486,0.9999999999999546,0.6771844660194175,0.03938021782333667,gat_zero_dgi,inductive,47,47,846,22
0.8443127241853166,0.6666666666666666,0.05555555555555555,0.10256410256410256,0.531902206320811,0.17786341144160595,2,1,434,34,0.0022988505747126384,0.9444444444444181,0.9107918263090677,0.36027556166841307,gat_zero_dgi,inductive,47,48,471,36
0.8443127241853166,0.0,0.0,0.0,0.4669652855543113,-0.029080336345115265,0,3,417,56,0.007142857142857125,0.9999999999999821,0.38375850340136053,0.0899367688086295,gat_zero_dgi,inductive,47,49,476,56
0.8074513116228136,0.8947368421052632,0.7112970711297071,0.7925407925407926,0.8847983673969753,0.7761807404883646,170,20,1895,69,0.010443864229765008,0.2887029288702917,0.9525984028316418,0.8479827898598519,fusion,inductive,48,42,2154,239
0.8074513116228136,0.0,0.0,0.0,0.49409158050221563,-0.01023386139323978,0,8,1338,24,0.005943536404160472,0.9999999999999584,0.803708519068846,0.049384431852988506,fusion,inductive,48,43,1370,24
0.8074513116228136,0.047619047619047616,0.041666666666666664,0.044444444444444446,0.515368540360571,0.030869525321969564,1,20,1547,23,0.012763241863433304,0.9583333333332935,0.55360561582642,0.03730469171101214,fusion,inductive,48,44,1591,24
0.8074513116228136,0.0,0.0,0.0,0.49670239076669415,-0.006113949850556482,0,11,1205,5,0.00904605263157894,0.9999999999997999,0.8111842105263158,0.013506662775581898,fusion,inductive,48,45,1221,5
0.8074513116228136,0.2,0.5,0.2857142857142857,0.6410928521020265,0.31332729606885584,1,4,706,1,0.0056338028169014,0.49999999999975,0.947887323943662,0.2633333333333333,fusion,inductive,48,46,712,2
0.8074513116228136,0.0,0.0,0.0,0.4921968787515006,-0.011262159778651453,0,4,820,22,0.004854368932038829,0.9999999999999546,0.7759267431597529,0.06297054346700053,fusion,inductive,48,47,846,22
0.8074513116228136,0.6666666666666666,0.05555555555555555,0.10256410256410256,0.531902206320811,0.17786341144160595,2,1,434,34,0.0022988505747126384,0.9444444444444181,0.8940613026819924,0.34732709739524364,fusion,inductive,48,48,471,36
0.8074513116228136,0.1111111111111111,0.017857142857142856,0.03076923076923077,0.47987165033388257,-0.0028161752517583253,1,8,412,55,0.019047619047619,0.9821428571428396,0.45119047619047614,0.1048006377082019,fusion,inductive,48,49,476,56
0.7242025663008194,0.9166666666666666,0.6903765690376569,0.7875894988066826,0.8823522191899189,0.7746472023696996,165,15,1900,74,0.007832898172323756,0.3096234309623418,0.951127959185903,0.8520326811862319,gat_zero_dgi,inductive,48,42,2154,239
0.7242025663008194,0.0,0.0,0.0,0.49427833148763384,-0.00956938842255011,0,7,1339,24,0.005200594353640412,0.9999999999999584,0.803615651312531,0.042577678948063524,gat_zero_dgi,inductive,48,43,1370,24
0.7242025663008194,0.03125,0.041666666666666664,0.03571428571428571,0.5092199067726899,0.019000352989307547,1,31,1536,23,0.01978302488832162,0.9583333333332935,0.55990746649649,0.022971853574857634,gat_zero_dgi,inductive,48,44,1591,24
0.7242025663008194,0.0,0.0,0.0,0.4969097651421508,-0.005827015094837825,0,10,1206,5,0.00822368421052631,0.9999999999997999,0.8340460526315789,0.014924506344398373,gat_zero_dgi,inductive,48,45,1221,5
0.7242025663008194,0.0,0.0,0.0,0.497529992942837,-0.004463351795852648,0,5,705,2,0.00704225352112675,0.9999999999995,0.9380281690140846,0.04649122807017544,gat_zero_dgi,inductive,48,46,712,2
0.7242025663008194,0.0,0.0,0.0,0.49158653846153844,-0.013809683229586608,0,6,818,22,0.007281553398058243,0.9999999999999546,0.8121138570167696,0.06755874199136681,gat_zero_dgi,inductive,48,47,846,22
0.7242025663008194,0.3333333333333333,0.1388888888888889,0.19607843137254902,0.5750313593450849,0.175368949171937,5,10,425,31,0.022988505747126384,0.8611111111110872,0.8732439335887612,0.26077881585133783,gat_zero_dgi,inductive,48,48,471,36
0.7242025663008194,0.0,0.0,0.0,0.4439252336448598,-0.1106002527218662,0,40,380,56,0.09523809523809501,0.9999999999999821,0.34957482993197275,0.08611429075442227,gat_zero_dgi,inductive,48,49,476,56
0.7601206189498942,0.87,0.7280334728033473,0.7927107061503417,0.8845952083349279,0.773182156828343,174,26,1889,65,0.01357702349869451,0.2719665271966516,0.9455608114751413,0.8507932034286172,fusion,inductive,49,42,2154,239
0.7601206189498942,0.0,0.0,0.0,0.4933431952662722,-0.012552314989585547,0,12,1334,24,0.008915304606240708,0.9999999999999584,0.8230869242199108,0.063819116127929,fusion,inductive,49,43,1370,24
0.7601206189498942,0.1,0.041666666666666664,0.058823529411764705,0.5243291725839001,0.05540504283363896,1,9,1558,23,0.005743458838544987,0.9583333333332935,0.5904594767070835,0.03242358064636519,fusion,inductive,49,44,1591,24
0.7601206189498942,0.0,0.0,0.0,0.4979440789473684,-0.004111842105263158,0,5,1211,5,0.004111842105263155,0.9999999999997999,0.843421052631579,0.016025581515288122,fusion,inductive,49,45,1221,5
0.7601206189498942,0.25,0.5,0.3333333333333333,0.6652562294311236,0.3510604154472902,1,3,707,1,0.00422535211267605,0.49999999999975,0.9387323943661972,0.5112359550561798,fusion,inductive,49,46,712,2
0.7601206189498942,0.0,0.0,0.0,0.4921968787515006,-0.011262159778651453,0,4,820,22,0.004854368932038829,0.9999999999999546,0.7222528684907327,0.04971377840635703,fusion,inductive,49,47,846,22
0.7601206189498942,0.6666666666666666,0.1111111111111111,0.19047619047619047,0.5763492063492064,0.2523469533803008,4,2,433,32,0.004597701149425277,0.8888888888888642,0.9210089399744572,0.46643513378919454,fusion,inductive,49,48,471,36
0.7601206189498942,0.0,0.0,0.0,0.4651685393258427,-0.04125684985035174,0,6,414,56,0.01428571428571425,0.9999999999999821,0.5954931972789117,0.13696631808416124,fusion,inductive,49,49,476,56
0.8397088478922611,0.6866952789699571,0.6694560669456067,0.6779661016949152,0.8191707463636203,0.6384137398037693,160,73,1842,79,0.03812010443864228,0.33054393305439195,0.9315271420299986,0.7779918085476211,gat_zero_dgi,inductive,49,42,2154,239
0.8397088478922611,0.0,0.0,0.0,0.4925925925925926,-0.014515558489317482,0,16,1330,24,0.011887072808320943,0.9999999999999584,0.6345963348192175,0.02325235517265003,gat_zero_dgi,inductive,49,43,1370,24
0.8397088478922611,0.0,0.0,0.0,0.4861111111111111,-0.024920871433168512,0,62,1505,24,0.03956604977664324,0.9999999999999584,0.538236545415869,0.015402229324215203,gat_zero_dgi,inductive,49,44,1591,24
0.8397088478922611,0.0,0.0,0.0,0.49230769230769234,-0.01051967388169945,0,32,1184,5,0.02631578947368419,0.9999999999997999,0.7330592105263158,0.008817465928293737,gat_zero_dgi,inductive,49,45,1221,5
0.8397088478922611,0.0,0.0,0.0,0.49646393210749645,-0.0056577595634534445,0,8,702,2,0.0112676056338028,0.9999999999995,0.8633802816901408,0.02661368015414258,gat_zero_dgi,inductive,49,46,712,2
0.8397088478922611,0.0,0.0,0.0,0.49005424954792043,-0.01875429916024684,0,11,813,22,0.01334951456310678,0.9999999999999546,0.6409973521624007,0.03502674811510521,gat_zero_dgi,inductive,49,47,846,22
0.8397088478922611,0.375,0.08333333333333333,0.13636363636363635,0.5470236890058716,0.14771382853221293,3,5,430,33,0.011494252873563192,0.9166666666666412,0.8293742017879949,0.2529719954537331,gat_zero_dgi,inductive,49,48,471,36
0.8397088478922611,0.0,0.0,0.0,0.4651685393258427,-0.04125684985035174,0,6,414,56,0.01428571428571425,0.9999999999999821,0.48392857142857143,0.10646585937738422,gat_zero_dgi,inductive,49,49,476,56
0.7044019715426714,0.9426751592356688,0.6192468619246861,0.7474747474747475,0.8609561876433043,0.7425054929793642,148,9,1906,91,0.004699738903394254,0.38075313807531225,0.9513639293400483,0.8447970489648122,fusion,inductive,50,42,2154,239
0.7044019715426714,0.0,0.0,0.0,0.49502395871728716,-0.006255463019160538,0,3,1343,24,0.002228826151560177,0.9999999999999584,0.8023155027241209,0.04627827736989942,fusion,inductive,50,43,1370,24
0.7044019715426714,0.0,0.0,0.0,0.49524111675126903,-0.0076143373569827555,0,6,1561,24,0.0038289725590299915,0.9999999999999584,0.574292703680068,0.023182338439326114,fusion,inductive,50,44,1591,24
0.7044019715426714,0.0,0.0,0.0,0.4979440789473684,-0.004111842105263158,0,5,1211,5,0.004111842105263155,0.9999999999997999,0.8064144736842105,0.01190201413541072,fusion,inductive,50,45,1221,5
0.7044019715426714,0.3333333333333333,0.5,0.4,0.6989429175475688,0.4062344815194548,1,2,708,1,0.0028169014084507,0.49999999999975,0.9669014084507042,0.5204081632653061,fusion,inductive,50,46,712,2
0.7044019715426714,0.0,0.0,0.0,0.49280575539568344,-0.00795410846866648,0,2,822,22,0.0024271844660194147,0.9999999999999546,0.7982678729037953,0.09632493412341588,fusion,inductive,50,47,846,22
0.7044019715426714,0.5,0.027777777777777776,0.05263157894736842,0.5064042850489054,0.10410596103822242,1,1,434,35,0.0022988505747126384,0.9722222222221951,0.8934227330779054,0.35342641882279685,fusion,inductive,50,48,471,36
0.7044019715426714,0.0,0.0,0.0,0.4681564245810056,-0.01675415633166782,0,1,419,56,0.002380952380952375,0.9999999999999821,0.4162840136054422,0.0942524202617833,fusion,inductive,50,49,476,56
0.7653023510763092,0.9144385026737968,0.7154811715481172,0.8028169014084507,0.8905892853255546,0.7887823997561363,171,16,1899,68,0.008355091383812007,0.28451882845188164,0.9385953221101848,0.8409508383098443,gat_zero_dgi,inductive,50,42,2154,239
0.7653023510763092,0.0,0.0,0.0,0.49427833148763384,-0.00956938842255011,0,7,1339,24,0.005200594353640412,0.9999999999999584,0.7733407627538386,0.04561625821113395,gat_zero_dgi,inductive,50,43,1370,24
0.7653023510763092,0.1,0.041666666666666664,0.058823529411764705,0.5243291725839001,0.05540504283363896,1,9,1558,23,0.005743458838544987,0.9583333333332935,0.5146245479685173,0.03670674049261727,gat_zero_dgi,inductive,50,44,1591,24
0.7653023510763092,0.0,0.0,0.0,0.4973240016467682,-0.005207542317103447,0,8,1208,5,0.006578947368421048,0.9999999999997999,0.8455592105263158,0.02459455952426605,gat_zero_dgi,inductive,50,45,1221,5
0.7653023510763092,0.14285714285714285,0.5,0.2222222222222222,0.6086376128778956,0.26367422119758854,1,6,704,1,0.0084507042253521,0.49999999999975,0.9471830985915494,0.512987012987013,gat_zero_dgi,inductive,50,46,712,2
0.7653023510763092,0.0,0.0,0.0,0.49280575539568344,-0.00795410846866648,0,2,822,22,0.0024271844660194147,0.9999999999999546,0.7769748455428067,0.06603725957035192,gat_zero_dgi,inductive,50,47,846,22
0.7653023510763092,0.2857142857142857,0.05555555555555555,0.09302325581395349,0.5248208603875106,0.09674871412851838,2,5,430,34,0.011494252873563192,0.9444444444444181,0.8969348659003832,0.31225840462071136,gat_zero_dgi,inductive,50,48,471,36
0.7653023510763092,0.0,0.0,0.0,0.4528735632183908,-0.08777074514725111,0,26,394,56,0.061904761904761754,0.9999999999999821,0.6058673469387755,0.13278122238050008,gat_zero_dgi,inductive,50,49,476,56
0.8251888642339075,0.8073394495412844,0.7364016736401674,0.7702407002188184,0.8714875274659399,0.7440226314342221,176,42,1873,63,0.02193211488250652,0.26359832635983155,0.9540688464773805,0.849927192984959,fusion,inductive,51,42,2154,239
0.8251888642339075,0.0,0.0,0.0,0.4939046915404507,-0.010858636198769717,0,9,1337,24,0.00668647845468053,0.9999999999999584,0.8265539871223377,0.05950725201515684,fusion,inductive,51,43,1370,24
0.8251888642339075,0.034482758620689655,0.041666666666666664,0.03773584905660377,0.5107183559760488,0.02168419991252337,1,28,1539,23,0.017868538608806626,0.9583333333332935,0.5755956179536269,0.021795206336427085,fusion,inductive,51,44,1591,24
0.8251888642339075,0.0,0.0,0.0,0.4954545454545455,-0.00761955190636009,0,17,1199,5,0.013980263157894727,0.9999999999997999,0.7567434210526316,0.009480724356524417,fusion,inductive,51,45,1221,5
0.8251888642339075,0.125,0.5,0.2,0.5971711456859972,0.24611254101022484,1,7,703,1,0.00985915492957745,0.49999999999975,0.943661971830986,0.2623456790123457,fusion,inductive,51,46,712,2
0.8251888642339075,0.0,0.0,0.0,0.4918918918918919,-0.012598961210367401,0,5,819,22,0.006067961165048536,0.9999999999999546,0.7800639894086496,0.06392163840983708,fusion,inductive,51,47,846,22
0.8251888642339075,0.75,0.08333333333333333,0.15,0.5561529933481153,0.23462663243798956,3,1,434,33,0.0022988505747126384,0.9166666666666412,0.8863346104725415,0.2963314423232898,fusion,inductive,51,48,471,36
0.8251888642339075,0.0,0.0,0.0,0.46214689265536724,-0.05616156927828213,0,11,409,56,0.026190476190476125,0.9999999999999821,0.5305697278911564,0.11437232257150173,fusion,inductive,51,49,476,56
0.9304603879465745,0.9503105590062112,0.6401673640167364,0.765,0.8704733879222109,0.7595684465106624,153,8,1907,86,0.004177545691906003,0.3598326359832621,0.9477610146716628,0.8465661860877678,gat_zero_dgi,inductive,51,42,2154,239
0.9304603879465745,0.0,0.0,0.0,0.49502395871728716,-0.006255463019160538,0,3,1343,24,0.002228826151560177,0.9999999999999584,0.8616579990094104,0.06049284840777929,gat_zero_dgi,inductive,51,43,1370,24
0.9304603879465745,0.1,0.041666666666666664,0.058823529411764705,0.5243291725839001,0.05540504283363896,1,9,1558,23,0.005743458838544987,0.9583333333332935,0.5304456498617316,0.023341517676741873,gat_zero_dgi,inductive,51,44,1591,24
0.9304603879465745,0.0,0.0,0.0,0.4973240016467682,-0.005207542317103447,0,8,1208,5,0.006578947368421048,0.9999999999997999,0.8631578947368421,0.030424768864897884,gat_zero_dgi,inductive,51,45,1221,5
0.9304603879465745,0.3333333333333333,0.5,0.4,0.6989429175475688,0.4062344815194548,1,2,708,1,0.0028169014084507,0.49999999999975,0.9408450704225353,0.5116279069767442,gat_zero_dgi,inductive,51,46,712,2
0.9304603879465745,0.0,0.0,0.0,0.49310964649490713,-0.005621075001548533,0,1,823,22,0.0012135922330097073,0.9999999999999546,0.7116063548102383,0.04340070812927428,gat_zero_dgi,inductive,51,47,846,22
0.9304603879465745,0.6666666666666666,0.05555555555555555,0.10256410256410256,0.531902206320811,0.17786341144160595,2,1,434,34,0.0022988505747126384,0.9444444444444181,0.8618135376756066,0.28331395619391786,gat_zero_dgi,inductive,51,48,471,36
0.9304603879465745,0.0,0.0,0.0,0.46396396396396394,-0.04774099160262886,0,8,412,56,0.019047619047619,0.9999999999999821,0.3956207482993197,0.09276126022270066,gat_zero_dgi,inductive,51,49,476,56
0.8821983226591359,0.8941798941798942,0.7071129707112971,0.7897196261682243,0.8832618749397823,0.7733885045227805,169,20,1895,70,0.010443864229765008,0.2928870292887017,0.9329713667697216,0.8333188527875911,fusion,inductive,52,42,2154,239
0.8821983226591359,0.0,0.0,0.0,0.49353049907578556,-0.01201350421587039,0,11,1335,24,0.008172362555720649,0.9999999999999584,0.7302810797424468,0.03483587034229258,fusion,inductive,52,43,1370,24
0.8821983226591359,0.05555555555555555,0.041666666666666664,0.047619047619047616,0.5174400970579315,0.035517525669521946,1,17,1550,23,0.01084875558391831,0.9583333333332935,0.5737609019357583,0.028231591316136458,fusion,inductive,52,44,1591,24
0.8821983226591359,0.0,0.0,0.0,0.4964948453608247,-0.006388452753853623,0,12,1204,5,0.009868421052631571,0.9999999999997999,0.8495065789473684,0.023445706134735046,fusion,inductive,52,45,1221,5
0.8821983226591359,0.25,0.5,0.3333333333333333,0.6652562294311236,0.3510604154472902,1,3,707,1,0.00422535211267605,0.49999999999975,0.941549295774648,0.2619047619047619,fusion,inductive,52,46,712,2
0.8821983226591359,0.0,0.0,0.0,0.4934131736526946,0.0,0,0,824,22,0.0,0.9999999999999546,0.7092343336275375,0.042695053078104846,fusion,inductive,52,47,846,22
0.8821983226591359,0.16666666666666666,0.027777777777777776,0.047619047619047616,0.5015873015873016,0.0385782212901539,1,5,430,35,0.011494252873563192,0.9722222222221951,0.8602171136653896,0.24345289746214394,fusion,inductive,52,48,471,36
0.8821983226591359,0.0,0.0,0.0,0.45098039215686275,-0.09300677931879099,0,29,391,56,0.06904761904761889,0.9999999999999821,0.4420068027210884,0.09756366957058923,fusion,inductive,52,49,476,56
0.798824906232539,0.755,0.6317991631799164,0.6879271070615034,0.8262587202404958,0.6560400804311095,151,49,1866,88,0.02558746736292427,0.36820083682008214,0.9404721587991741,0.7885696976021955,gat_zero_dgi,inductive,52,42,2154,239
0.798824906232539,0.0,0.0,0.0,0.4931557528671846,-0.013069676655218618,0,13,1333,24,0.009658246656760766,0.9999999999999584,0.6332961862308073,0.023627996678151277,gat_zero_dgi,inductive,52,43,1370,24
0.798824906232539,0.0,0.0,0.0,0.4837767683322518,-0.0277186198507866,0,76,1491,24,0.04850031908104656,0.9999999999999584,0.5227345245692406,0.014996605971571677,gat_zero_dgi,inductive,52,44,1591,24
0.798824906232539,0.0,0.0,0.0,0.4931506849315068,-0.009823743366775651,0,28,1188,5,0.023026315789473666,0.9999999999997999,0.7430921052631579,0.009230777588901,gat_zero_dgi,inductive,52,45,1221,5
0.798824906232539,0.0,0.0,0.0,0.49823819591261453,-0.0034524176899670377,0,3,707,2,0.00422535211267605,0.9999999999995,0.5183098591549296,0.024231032125768968,gat_zero_dgi,inductive,52,46,712,2
0.798824906232539,0.0,0.0,0.0,0.49158653846153844,-0.013809683229586608,0,6,818,22,0.007281553398058243,0.9999999999999546,0.6760260370697264,0.038523479108832845,gat_zero_dgi,inductive,52,47,846,22
0.798824906232539,0.5,0.027777777777777776,0.05263157894736842,0.5064042850489054,0.10410596103822242,1,1,434,35,0.0022988505747126384,0.9722222222221951,0.8862068965517242,0.3313979745929826,gat_zero_dgi,inductive,52,48,471,36
0.798824906232539,0.0,0.0,0.0,0.4657687991021324,-0.03762217653220669,0,5,415,56,0.011904761904761876,0.9999999999999821,0.3592687074829932,0.0864907122014549,gat_zero_dgi,inductive,52,49,476,56
0.7600059445123617,0.8901098901098901,0.6778242677824268,0.7695961995249406,0.8723206106963525,0.7536464201036979,162,20,1895,77,0.010443864229765008,0.3221757322175719,0.9550083572762926,0.8534538348627239,fusion,inductive,53,42,2154,239
0.7600059445123617,0.0,0.0,0.0,0.4948377581120944,-0.0072258299512631945,0,4,1342,24,0.002971768202080236,0.9999999999999584,0.8387506191183755,0.057388914966483864,fusion,inductive,53,43,1370,24
0.7600059445123617,0.05,0.041666666666666664,0.045454545454545456,0.5160351121154181,0.032319962596476175,1,19,1548,23,0.01212507977026164,0.9583333333332935,0.6127951499680919,0.03984949403488029,fusion,inductive,53,44,1591,24
0.7600059445123617,0.0,0.0,0.0,0.4971169686985173,-0.005525710902651071,0,9,1207,5,0.007401315789473679,0.9999999999997999,0.8784539473684211,0.018784365053738643,fusion,inductive,53,45,1221,5
0.7600059445123617,0.16666666666666666,0.5,0.25,0.6228813559322034,0.2854144074482567,1,5,705,1,0.00704225352112675,0.49999999999975,0.9584507042253521,0.5163934426229508,fusion,inductive,53,46,712,2
0.7600059445123617,0.0,0.0,0.0,0.49280575539568344,-0.00795410846866648,0,2,822,22,0.0024271844660194147,0.9999999999999546,0.7842012356575463,0.06347091270384095,fusion,inductive,53,47,846,22
0.7600059445123617,0.8,0.1111111111111111,0.1951219512195122,0.579247990038169,0.28209523545901904,4,1,434,32,0.0022988505747126384,0.8888888888888642,0.9192209450830141,0.48998470944500877,fusion,inductive,53,48,471,36
0.7600059445123617,0.16666666666666666,0.017857142857142856,0.03225806451612903,0.48242116708952515,0.017190354104313223,1,5,415,55,0.011904761904761876,0.9821428571428396,0.421343537414966,0.10294031133417968,fusion,inductive,53,49,476,56
0.8335606476798681,0.6694214876033058,0.6778242677824268,0.6735966735966736,0.8162861862887993,0.63258976022041,162,80,1835,77,0.04177545691906003,0.3221757322175719,0.9226192687110131,0.7569576371347673,gat_zero_dgi,inductive,53,42,2154,239
0.8335606476798681,0.0,0.0,0.0,0.4920281794586578,-0.015835515907419717,0,19,1327,24,0.014115898959881119,0.9999999999999584,0.6818660227835562,0.027996986042766177,gat_zero_dgi,inductive,53,43,1370,24
0.8335606476798681,0.0,0.0,0.0,0.4693128752501668,-0.041381982915013556,0,160,1407,24,0.10210593490746643,0.9999999999999584,0.4921293341842161,0.014223944025898326,gat_zero_dgi,inductive,53,44,1591,24
0.8335606476798681,0.0,0.0,0.0,0.48847926267281105,-0.013250271262329952,0,50,1166,5,0.04111842105263155,0.9999999999997999,0.640296052631579,0.006684950042565051,gat_zero_dgi,inductive,53,45,1221,5
0.8335606476798681,0.0,0.0,0.0,0.4939587775408671,-0.007786011914356602,0,15,695,2,0.02112676056338025,0.9999999999995,0.5176056338028169,0.027810557784596016,gat_zero_dgi,inductive,53,46,712,2
0.8335606476798681,0.0,0.0,0.0,0.48789346246973364,-0.02409177612084292,0,18,806,22,0.02184466019417473,0.9999999999999546,0.639783759929391,0.03492215414333979,gat_zero_dgi,inductive,53,47,846,22
0.8335606476798681,0.4,0.1111111111111111,0.17391304347826086,0.5657511645962733,0.17936538144340616,4,6,429,32,0.013793103448275829,0.8888888888888642,0.9052362707535121,0.36443628333615796,gat_zero_dgi,inductive,53,48,471,36
0.8335606476798681,0.0,0.0,0.0,0.46214689265536724,-0.05616156927828213,0,11,409,56,0.026190476190476125,0.9999999999999821,0.3642431972789115,0.08828714913497726,gat_zero_dgi,inductive,53,49,476,56
0.9109944853997279,0.9010416666666666,0.7238493723849372,0.802784222737819,0.8904300272832764,0.786932455398291,173,19,1896,66,0.009921671018276759,0.2761506276150616,0.9446890328501043,0.8408518113414936,fusion,inductive,54,42,2154,239
0.9109944853997279,0.0,0.0,0.0,0.4939046915404507,-0.010858636198769717,0,9,1337,24,0.00668647845468053,0.9999999999999584,0.8195579494799407,0.04968483826225943,fusion,inductive,54,43,1370,24
0.9109944853997279,0.09090909090909091,0.041666666666666664,0.05714285714285714,0.5233283399155658,0.05190460826963998,1,10,1557,23,0.006381620931716652,0.9583333333332935,0.6107477132524994,0.06024307659597164,fusion,inductive,54,44,1591,24
0.9109944853997279,0.0,0.0,0.0,0.49815043156596794,-0.0036762320861047425,0,4,1212,5,0.003289473684210524,0.9999999999997999,0.8529605263157894,0.0212067340864842,fusion,inductive,54,45,1221,5
0.9109944853997279,0.25,0.5,0.3333333333333333,0.6652562294311236,0.3510604154472902,1,3,707,1,0.00422535211267605,0.49999999999975,0.9362676056338027,0.2608695652173913,fusion,inductive,54,46,712,2
0.9109944853997279,0.0,0.0,0.0,0.4934131736526946,0.0,0,0,824,22,0.0,0.9999999999999546,0.7660525154457194,0.056151626170494816,fusion,inductive,54,47,846,22
0.9109944853997279,0.5,0.08333333333333333,0.14285714285714285,0.5514285714285714,0.18109070935025182,3,3,432,33,0.0068965517241379145,0.9166666666666412,0.8933588761174969,0.33310135866421764,fusion,inductive,54,48,471,36
0.9109944853997279,0.5,0.017857142857142856,0.034482758620689655,0.48592146879580345,0.07708654058785551,1,1,419,55,0.002380952380952375,0.9821428571428396,0.42993197278911566,0.11745196946435729,fusion,inductive,54,49,476,56
0.8013750152578559,0.64453125,0.6903765690376569,0.6666666666666666,0.8116968266456859,0.623921025638965,165,91,1824,74,0.047519582245430785,0.3096234309623418,0.9084042518325923,0.7383532111495973,gat_zero_dgi,inductive,54,42,2154,239
0.8013750152578559,0.0,0.0,0.0,0.49240459429418304,-0.014967823498754343,0,17,1329,24,0.012630014858841002,0.9999999999999584,0.6091505695889055,0.022826426304805796,gat_zero_dgi,inductive,54,43,1370,24
0.8013750152578559,0.007692307692307693,0.041666666666666664,0.012987012987012988,0.4813944311962806,-0.018091333608658992,1,129,1438,23,0.08232291001914481,0.9583333333332935,0.3932939800042544,0.01282131006146684,gat_zero_dgi,inductive,54,44,1591,24
0.8013750152578559,0.0,0.0,0.0,0.4886934673366834,-0.013111502100678154,0,49,1167,5,0.04029605263157892,0.9999999999997999,0.6064144736842106,0.005907283664946189,gat_zero_dgi,inductive,54,45,1221,5
0.8013750152578559,0.0,0.0,0.0,0.49646393210749645,-0.0056577595634534445,0,8,702,2,0.0112676056338028,0.9999999999995,0.5950704225352113,0.04023144996596324,gat_zero_dgi,inductive,54,46,712,2
0.8013750152578559,0.0,0.0,0.0,0.4894387447193724,-0.02041253347769755,0,13,811,22,0.015776699029126193,0.9999999999999546,0.6225728155339806,0.03305776981087585,gat_zero_dgi,inductive,54,47,846,22
0.8013750152578559,0.45454545454545453,0.1388888888888889,0.2127659574468085,0.5857125876619518,0.22007124415871648,5,6,429,31,0.013793103448275829,0.8611111111110872,0.9086206896551725,0.3639028205789171,gat_zero_dgi,inductive,54,48,471,36
0.8013750152578559,0.0,0.0,0.0,0.4609286523216308,-0.06118578678058886,0,13,407,56,0.030952380952380877,0.9999999999999821,0.3807397959183673,0.08918373488420765,gat_zero_dgi,inductive,54,49,476,56
0.932787648035822,0.9161676646706587,0.6401673640167364,0.7536945812807881,0.8640333490719676,0.7432441929529993,153,14,1901,86,0.007310704960835505,0.3598326359832621,0.9531533696756503,0.8418669775494942,fusion,inductive,55,42,2154,239
0.932787648035822,0.0,0.0,0.0,0.49427833148763384,-0.00956938842255011,0,7,1339,24,0.005200594353640412,0.9999999999999584,0.8322498761763248,0.055759305394983236,fusion,inductive,55,43,1370,24
0.932787648035822,0.1,0.041666666666666664,0.058823529411764705,0.5243291725839001,0.05540504283363896,1,9,1558,23,0.005743458838544987,0.9583333333332935,0.6537970644543714,0.029449258448116227,fusion,inductive,55,44,1591,24
0.932787648035822,0.07142857142857142,0.2,0.10526315789473684,0.5491235310728327,0.11355490050541935,1,13,1203,4,0.010690789473684202,0.79999999999984,0.9078947368421052,0.05408029878618115,fusion,inductive,55,45,1221,5
0.932787648035822,0.25,0.5,0.3333333333333333,0.6652562294311236,0.3510604154472902,1,3,707,1,0.00422535211267605,0.49999999999975,0.941549295774648,0.2619047619047619,fusion,inductive,55,46,712,2
0.932787648035822,0.0,0.0,0.0,0.4934131736526946,0.0,0,0,824,22,0.0,0.9999999999999546,0.7022285966460724,0.04309127564634125,fusion,inductive,55,47,846,22
0.932787648035822,0.8,0.1111111111111111,0.1951219512195122,0.579247990038169,0.28209523545901904,4,1,434,32,0.0022988505747126384,0.8888888888888642,0.8501277139208174,0.2868019772192121,fusion,inductive,55,48,471,36
0.932787648035822,0.0,0.0,0.0,0.4645669291338583,-0.04460997367454705,0,7,413,56,0.016666666666666625,0.9999999999999821,0.40748299319727893,0.09281155131090447,fusion,inductive,55,49,476,56
0.9049989045716077,0.9213483146067416,0.6861924686192469,0.7865707434052758,0.8818487230262051,0.7744154539688116,164,14,1901,75,0.007310704960835505,0.31380753138075185,0.9468520925964363,0.8411376293291606,gat_zero_dgi,inductive,55,42,2154,239
0.9049989045716077,0.14285714285714285,0.041666666666666664,0.06451612903225806,0.5269055359077864,0.06846669573753114,1,6,1340,23,0.004457652303120354,0.9583333333332935,0.870975730559683,0.07357719658617025,gat_zero_dgi,inductive,55,43,1370,24
0.9049989045716077,0.1111111111111111,0.041666666666666664,0.06060606060606061,0.5253808327800071,0.059420743935002865,1,8,1559,23,0.005105296745373322,0.9583333333332935,0.5566900659434163,0.0413264943434794,gat_zero_dgi,inductive,55,44,1591,24
0.9049989045716077,0.0,0.0,0.0,0.4973240016467682,-0.005207542317103447,0,8,1208,5,0.006578947368421048,0.9999999999997999,0.8472039473684211,0.018690306848201586,gat_zero_dgi,inductive,55,45,1221,5
0.9049989045716077,0.2,0.5,0.2857142857142857,0.6410928521020265,0.31332729606885584,1,4,706,1,0.0056338028169014,0.49999999999975,0.941549295774648,0.5117647058823529,gat_zero_dgi,inductive,55,46,712,2
0.9049989045716077,0.0,0.0,0.0,0.49310964649490713,-0.005621075001548533,0,1,823,22,0.0012135922330097073,0.9999999999999546,0.7907105030891439,0.061848474113797784,gat_zero_dgi,inductive,55,47,846,22
0.9049989045716077,0.3333333333333333,0.05555555555555555,0.09523809523809523,0.5265079365079365,0.10983446532020286,2,4,431,34,0.009195402298850554,0.9444444444444181,0.9000638569604087,0.3254796523930724,gat_zero_dgi,inductive,55,48,471,36
0.9049989045716077,0.1,0.03571428571428571,0.05263157894736842,0.48521989906272533,-0.011470786693528088,2,18,402,54,0.04285714285714275,0.964285714285697,0.6378401360544217,0.14923075637277045,gat_zero_dgi,inductive,55,49,476,56
0.9632015370576116,0.8938547486033519,0.6694560669456067,0.7655502392344498,0.8701787185889472,0.7504309267546174,160,19,1896,79,0.009921671018276759,0.33054393305439195,0.9513224160721894,0.8518687655921289,fusion,inductive,56,42,2154,239
0.9632015370576116,0.0,0.0,0.0,0.49427833148763384,-0.00956938842255011,0,7,1339,24,0.005200594353640412,0.9999999999999584,0.8211367013372957,0.04988413594153297,fusion,inductive,56,43,1370,24
0.9632015370576116,0.05,0.041666666666666664,0.045454545454545456,0.5160351121154181,0.032319962596476175,1,19,1548,23,0.01212507977026164,0.9583333333332935,0.5378376941076366,0.03719122753446784,fusion,inductive,56,44,1591,24
0.9632015370576116,0.0,0.0,0.0,0.49503722084367247,-0.008061999768433572,0,19,1197,5,0.015624999999999988,0.9999999999997999,0.8365131578947368,0.01583248003880685,fusion,inductive,56,45,1221,5
0.9632015370576116,0.0,0.0,0.0,0.49823819591261453,-0.0034524176899670377,0,3,707,2,0.00422535211267605,0.9999999999995,0.49295774647887325,0.010427821803384021,fusion,inductive,56,46,712,2
0.9632015370576116,0.0,0.0,0.0,0.49310964649490713,-0.005621075001548533,0,1,823,22,0.0012135922330097073,0.9999999999999546,0.771513680494263,0.05533958250270641,fusion,inductive,56,47,846,22
0.9632015370576116,0.6666666666666666,0.05555555555555555,0.10256410256410256,0.531902206320811,0.17786341144160595,2,1,434,34,0.0022988505747126384,0.9444444444444181,0.8882503192848021,0.34356117523469537,fusion,inductive,56,48,471,36
0.9632015370576116,0.0,0.0,0.0,0.46214689265536724,-0.05616156927828213,0,11,409,56,0.026190476190476125,0.9999999999999821,0.48639455782312924,0.10572896446412591,fusion,inductive,56,49,476,56
0.8444315611499629,0.5929824561403508,0.7071129707112971,0.6450381679389313,0.7979419169504383,0.5993088477117737,169,116,1799,70,0.06057441253263705,0.2928870292887017,0.9192829129204583,0.7389254176391709,gat_zero_dgi,inductive,56,42,2154,239
0.8444315611499629,0.0,0.0,0.0,0.48994787788533134,-0.01997980839655418,0,30,1316,24,0.022288261515601766,0.9999999999999584,0.575315750371471,0.01985809110888908,gat_zero_dgi,inductive,56,43,1370,24
0.8444315611499629,0.005952380952380952,0.041666666666666664,0.010416666666666666,0.4734357580824972,-0.025743676503611538,1,167,1400,23,0.1065730695596681,0.9583333333332935,0.5329185279727717,0.015435597091339777,gat_zero_dgi,inductive,56,44,1591,24
0.8444315611499629,0.0,0.0,0.0,0.4861111111111111,-0.0147046312321432,0,61,1155,5,0.05016447368421049,0.9999999999997999,0.7421052631578947,0.011068325613092116,gat_zero_dgi,inductive,56,45,1221,5
0.8444315611499629,0.0,0.0,0.0,0.4917915774446824,-0.009252443614919885,0,21,689,2,0.02957746478873235,0.9999999999995,0.5119718309859155,0.017131024096385544,gat_zero_dgi,inductive,56,46,712,2
0.8444315611499629,0.0,0.0,0.0,0.4875832828588734,-0.024766907392959597,0,19,805,22,0.02305825242718444,0.9999999999999546,0.614629302736099,0.032361433997530276,gat_zero_dgi,inductive,56,47,846,22
0.8444315611499629,0.4,0.16666666666666666,0.23529411764705882,0.5957615369380075,0.22087791614713387,6,9,426,30,0.020689655172413744,0.8333333333333102,0.8798212005108557,0.3108192328487712,gat_zero_dgi,inductive,56,48,471,36
0.8444315611499629,0.0,0.0,0.0,0.45970488081725314,-0.06586649219387843,0,15,405,56,0.03571428571428563,0.9999999999999821,0.39260204081632655,0.09112702415710225,gat_zero_dgi,inductive,56,49,476,56
0.9220007845800217,0.9329268292682927,0.6401673640167364,0.7593052109181141,0.8672326310672517,0.7513009881488095,153,11,1904,86,0.005744125326370754,0.3598326359832621,0.9491943148672122,0.837691003834349,fusion,inductive,57,42,2154,239
0.9220007845800217,0.0,0.0,0.0,0.49502395871728716,-0.006255463019160538,0,3,1343,24,0.002228826151560177,0.9999999999999584,0.8248823675086676,0.05614186199257783,fusion,inductive,57,43,1370,24
0.9220007845800217,0.0,0.0,0.0,0.4954012052013955,-0.006948715539929297,0,5,1562,24,0.003190810465858326,0.9999999999999584,0.597426079557541,0.02237530887953061,fusion,inductive,57,44,1591,24
0.9220007845800217,0.0,0.0,0.0,0.49856262833675563,-0.0025973552855766526,0,2,1214,5,0.001644736842105262,0.9999999999997999,0.8967105263157895,0.022288978622621962,fusion,inductive,57,45,1221,5
0.9220007845800217,0.5,0.5,0.5,0.7492957746478873,0.49859154929577465,1,1,709,1,0.00140845070422535,0.49999999999975,0.9612676056338028,0.5175438596491229,fusion,inductive,57,46,712,2
0.9220007845800217,0.0,0.0,0.0,0.49310964649490713,-0.005621075001548533,0,1,823,22,0.0012135922330097073,0.9999999999999546,0.752923654015887,0.05496318009968274,fusion,inductive,57,47,846,22
0.9220007845800217,0.6666666666666666,0.05555555555555555,0.10256410256410256,0.531902206320811,0.17786341144160595,2,1,434,34,0.0022988505747126384,0.9444444444444181,0.8948914431673053,0.3702278942178904,fusion,inductive,57,48,471,36
0.9220007845800217,0.0,0.0,0.0,0.46756152125279643,-0.023718935565494002,0,2,418,56,0.00476190476190475,0.9999999999999821,0.4571853741496599,0.1006274479835885,fusion,inductive,57,49,476,56
0.7466211524261653,0.8655913978494624,0.6736401673640168,0.7576470588235295,0.8655605883867841,0.7386577349479577,161,25,1890,78,0.01305483028720626,0.3263598326359819,0.9415209150398199,0.8215776985116662,gat_zero_dgi,inductive,57,42,2154,239
0.7466211524261653,0.0,0.0,0.0,0.49353049907578556,-0.01201350421587039,0,11,1335,24,0.008172362555720649,0.9999999999999584,0.8386267954432889,0.05430269879244204,gat_zero_dgi,inductive,57,43,1370,24
0.7466211524261653,0.0,0.0,0.0,0.4949206349206349,-0.008797831880193062,0,8,1559,24,0.005105296745373322,0.9999999999999584,0.6334822378217401,0.023793423060385562,gat_zero_dgi,inductive,57,44,1591,24
0.7466211524261653,0.0,0.0,0.0,0.49566294919454773,-0.007388983258666594,0,16,1200,5,0.013157894736842096,0.9999999999997999,0.9238486842105263,0.03782373446120239,gat_zero_dgi,inductive,57,45,1221,5
0.7466211524261653,0.2,0.5,0.2857142857142857,0.6410928521020265,0.31332729606885584,1,4,706,1,0.0056338028169014,0.49999999999975,0.9253521126760563,0.5092592592592593,gat_zero_dgi,inductive,57,46,712,2
0.7466211524261653,0.0,0.0,0.0,0.4918918918918919,-0.012598961210367401,0,5,819,22,0.006067961165048536,0.9999999999999546,0.7329545454545454,0.04656936744809217,gat_zero_dgi,inductive,57,47,846,22
0.7466211524261653,0.2222222222222222,0.05555555555555555,0.08888888888888889,0.5215904868078781,0.07658617040710029,2,7,428,34,0.016091954022988467,0.9444444444444181,0.8870370370370371,0.28832991017113974,gat_zero_dgi,inductive,57,48,471,36
0.7466211524261653,0.044444444444444446,0.03571428571428571,0.039603960396039604,0.4628102058149411,-0.07341461196855918,2,43,377,54,0.10238095238095213,0.964285714285697,0.7085884353741496,0.17252980818883384,gat_zero_dgi,inductive,57,49,476,56
0.7161712907765008,0.9340659340659341,0.7112970711297071,0.8076009501187649,0.8933811285196346,0.7961634772692796,170,12,1903,69,0.006266318537859005,0.2887029288702917,0.9511257742770682,0.860028504113729,fusion,inductive,58,42,2154,239
0.7161712907765008,0.0,0.0,0.0,0.4944649446494465,-0.00885628391958432,0,6,1340,24,0.004457652303120354,0.9999999999999584,0.8195269935611689,0.0650040242630803,fusion,inductive,58,43,1370,24
0.7161712907765008,0.1111111111111111,0.041666666666666664,0.06060606060606061,0.5253808327800071,0.059420743935002865,1,8,1559,23,0.005105296745373322,0.9583333333332935,0.5459210806211444,0.026691637774514294,fusion,inductive,58,44,1591,24
0.7161712907765008,0.0,0.0,0.0,0.49670239076669415,-0.006113949850556482,0,11,1205,5,0.00904605263157894,0.9999999999997999,0.7983552631578947,0.011514571230460556,fusion,inductive,58,45,1221,5
0.7161712907765008,0.0,0.0,0.0,0.49859154929577465,-0.0028169014084507044,0,2,708,2,0.0028169014084507,0.9999999999995,0.928169014084507,0.11,fusion,inductive,58,46,712,2
0.7161712907765008,0.0,0.0,0.0,0.49280575539568344,-0.00795410846866648,0,2,822,22,0.0024271844660194147,0.9999999999999546,0.7269417475728155,0.05053892431748103,fusion,inductive,58,47,846,22
0.7161712907765008,0.5,0.027777777777777776,0.05263157894736842,0.5064042850489054,0.10410596103822242,1,1,434,35,0.0022988505747126384,0.9722222222221951,0.91845466155811,0.4193245790685286,fusion,inductive,58,48,471,36
0.7161712907765008,0.0,0.0,0.0,0.4669652855543113,-0.029080336345115265,0,3,417,56,0.007142857142857125,0.9999999999999821,0.6035714285714285,0.15398191474683895,fusion,inductive,58,49,476,56
0.8283554356392115,0.7703349282296651,0.6736401673640168,0.71875,0.843053756476684,0.6881934368912885,161,48,1867,78,0.02506527415143602,0.3263598326359819,0.9301856080055059,0.7930219080857817,gat_zero_dgi,inductive,58,42,2154,239
0.8283554356392115,0.0,0.0,0.0,0.4920281794586578,-0.015835515907419717,0,19,1327,24,0.014115898959881119,0.9999999999999584,0.6462976721149084,0.024725932645424043,gat_zero_dgi,inductive,58,43,1370,24
0.8283554356392115,0.0,0.0,0.0,0.4907170294494238,-0.018288002602688473,0,34,1533,24,0.02169751116783662,0.9999999999999584,0.5954584131035949,0.01804412754343842,gat_zero_dgi,inductive,58,44,1591,24
0.8283554356392115,0.045454545454545456,0.4,0.08163265306122448,0.5314139027947159,0.12522115212887178,2,42,1174,3,0.0345394736842105,0.59999999999988,0.740625,0.022101326608318914,gat_zero_dgi,inductive,58,45,1221,5
0.8283554356392115,0.0,0.0,0.0,0.4978843441466855,-0.003989322902810117,0,4,706,2,0.0056338028169014,0.9999999999995,0.8105633802816902,0.018505123568414706,gat_zero_dgi,inductive,58,46,712,2
0.8283554356392115,0.0,0.0,0.0,0.49128081779915816,-0.014925049293206457,0,7,817,22,0.00849514563106795,0.9999999999999546,0.6429832303618711,0.03630616934173631,gat_zero_dgi,inductive,58,47,846,22
0.8283554356392115,0.75,0.16666666666666666,0.2727272727272727,0.6185462644259971,0.3332423971686724,6,2,433,30,0.004597701149425277,0.8333333333333102,0.8790549169859516,0.4007187636667303,gat_zero_dgi,inductive,58,48,471,36
0.8283554356392115,0.3333333333333333,0.017857142857142856,0.03389830508474576,0.4850342589253516,0.053313949966044646,1,2,418,55,0.00476190476190475,0.9821428571428396,0.4342261904761905,0.1058685891334705,gat_zero_dgi,inductive,58,49,476,56
0.7200140610133136,0.8972972972972973,0.694560669456067,0.7830188679245284,0.8796659736121097,0.7674255447657733,166,19,1896,73,0.009921671018276759,0.3054393305439318,0.9520936888908311,0.84299483058016,fusion,inductive,59,42,2154,239
0.7200140610133136,0.0,0.0,0.0,0.49371766444937176,-0.011450214874840143,0,10,1336,24,0.00742942050520059,0.9999999999999584,0.8209509658246656,0.048709642545695285,fusion,inductive,59,43,1370,24
0.7200140610133136,0.07142857142857142,0.041666666666666664,0.05263157894736842,0.5205905986339896,0.043553568311273376,1,13,1554,23,0.008296107211231647,0.9583333333332935,0.6105881727292066,0.028998635356869945,fusion,inductive,59,44,1591,24
0.7200140610133136,0.0,0.0,0.0,0.497737556561086,-0.004506150586965627,0,6,1210,5,0.004934210526315786,0.9999999999997999,0.7894736842105262,0.01109111872725734,fusion,inductive,59,45,1221,5
0.7200140610133136,0.25,0.5,0.3333333333333333,0.6652562294311236,0.3510604154472902,1,3,707,1,0.00422535211267605,0.49999999999975,0.9500000000000001,0.5136986301369864,fusion,inductive,59,46,712,2
0.7200140610133136,0.0,0.0,0.0,0.49310964649490713,-0.005621075001548533,0,1,823,22,0.0012135922330097073,0.9999999999999546,0.8034532215357458,0.07228725349390293,fusion,inductive,59,47,846,22
0.7200140610133136,0.25,0.05555555555555555,0.09090909090909091,0.5231828305324965,0.08587097232005977,2,6,429,34,0.013793103448275829,0.9444444444444181,0.8952107279693488,0.31298466952010756,fusion,inductive,59,48,471,36
0.7200140610133136,0.0,0.0,0.0,0.45537757437070936,-0.08038088477553659,0,22,398,56,0.05238095238095225,0.9999999999999821,0.4503401360544218,0.09900052946964501,fusion,inductive,59,49,476,56
0.8910025621813566,0.9289940828402367,0.6569037656903766,0.7696078431372549,0.8727526395173455,0.759974091834099,157,12,1903,82,0.006266318537859005,0.343096234309622,0.9534221134623158,0.8424825140074531,gat_zero_dgi,inductive,59,42,2154,239
0.8910025621813566,0.0,0.0,0.0,0.4948377581120944,-0.0072258299512631945,0,4,1342,24,0.002971768202080236,0.9999999999999584,0.8342929668152551,0.05345041046118326,gat_zero_dgi,inductive,59,43,1370,24
0.8910025621813566,0.1111111111111111,0.041666666666666664,0.06060606060606061,0.5253808327800071,0.059420743935002865,1,8,1559,23,0.005105296745373322,0.9583333333332935,0.5758083386513508,0.023199406419022232,gat_zero_dgi,inductive,59,44,1591,24
0.8910025621813566,0.0,0.0,0.0,0.4969097651421508,-0.005827015094837825,0,10,1206,5,0.00822368421052631,0.9999999999997999,0.8695723684210526,0.03873957358158482,gat_zero_dgi,inductive,59,45,1221,5
0.8910025621813566,0.5,0.5,0.5,0.7492957746478873,0.49859154929577465,1,1,709,1,0.00140845070422535,0.49999999999975,0.9901408450704225,0.5625,gat_zero_dgi,inductive,59,46,712,2
0.8910025621813566,0.0,0.0,0.0,0.4921968787515006,-0.011262159778651453,0,4,820,22,0.004854368932038829,0.9999999999999546,0.7361540158870256,0.050455560580422054,gat_zero_dgi,inductive,59,47,846,22
0.8910025621813566,0.2857142857142857,0.05555555555555555,0.09302325581395349,0.5248208603875106,0.09674871412851838,2,5,430,34,0.011494252873563192,0.9444444444444181,0.8826947637292466,0.2810974246931719,gat_zero_dgi,inductive,59,48,471,36
0.8910025621813566,0.0,0.0,0.0,0.4458672875436554,-0.1060078362742895,0,37,383,56,0.08809523809523788,0.9999999999999821,0.5619897959183673,0.12122399546805603,gat_zero_dgi,inductive,59,49,476,56
0.8239209030239071,0.8941798941798942,0.7071129707112971,0.7897196261682243,0.8832618749397823,0.7733885045227805,169,20,1895,70,0.010443864229765008,0.2928870292887017,0.9329189289576891,0.831939692322639,fusion,inductive,60,42,2154,239
0.8239209030239071,0.0,0.0,0.0,0.4944649446494465,-0.00885628391958432,0,6,1340,24,0.004457652303120354,0.9999999999999584,0.8000866765725607,0.057362703783504936,fusion,inductive,60,43,1370,24
0.8239209030239071,0.1111111111111111,0.041666666666666664,0.06060606060606061,0.5253808327800071,0.059420743935002865,1,8,1559,23,0.005105296745373322,0.9583333333332935,0.5600138268453521,0.05925016373768422,fusion,inductive,60,44,1591,24
0.8239209030239071,0.0,0.0,0.0,0.49815043156596794,-0.0036762320861047425,0,4,1212,5,0.003289473684210524,0.9999999999997999,0.8162828947368421,0.01475120934109405,fusion,inductive,60,45,1221,5
0.8239209030239071,0.0,0.0,0.0,0.4978843441466855,-0.003989322902810117,0,4,706,2,0.0056338028169014,0.9999999999995,0.928169014084507,0.09343434343434343,fusion,inductive,60,46,712,2
0.8239209030239071,0.0,0.0,0.0,0.49310964649490713,-0.005621075001548533,0,1,823,22,0.0012135922330097073,0.9999999999999546,0.754688879082083,0.07812535954551655,fusion,inductive,60,47,846,22
0.8239209030239071,0.6666666666666666,0.05555555555555555,0.10256410256410256,0.531902206320811,0.17786341144160595,2,1,434,34,0.0022988505747126384,0.9444444444444181,0.9075989782886335,0.42280499425437723,fusion,inductive,60,48,471,36
0.8239209030239071,0.14285714285714285,0.017857142857142856,0.031746031746031744,0.48156480439945004,0.009559280073117226,1,6,414,55,0.01428571428571425,0.9821428571428396,0.5365221088435375,0.13689441706198704,fusion,inductive,60,49,476,56
0.9473381865981041,0.868421052631579,0.6903765690376569,0.7692307692307693,0.8718543637337142,0.7501201158194127,165,25,1890,74,0.01305483028720626,0.3096234309623418,0.9524782328457345,0.8503429617879448,gat_zero_dgi,inductive,60,42,2154,239
0.9473381865981041,0.0,0.0,0.0,0.49465142014016966,-0.00808168218002331,0,5,1341,24,0.003714710252600295,0.9999999999999584,0.8529593858345715,0.05805079026973035,gat_zero_dgi,inductive,60,43,1370,24
0.9473381865981041,0.0625,0.041666666666666664,0.05,0.5189528962444303,0.03920729502182368,1,15,1552,23,0.00957243139757498,0.9583333333332935,0.6227398425866837,0.041296258463903626,gat_zero_dgi,inductive,60,44,1591,24
0.9473381865981041,0.0,0.0,0.0,0.49670239076669415,-0.006113949850556482,0,11,1205,5,0.00904605263157894,0.9999999999997999,0.9133223684210526,0.056583295581094165,gat_zero_dgi,inductive,60,45,1221,5
0.9473381865981041,0.25,0.5,0.3333333333333333,0.6652562294311236,0.3510604154472902,1,3,707,1,0.00422535211267605,0.49999999999975,0.9880281690140845,0.5526315789473684,gat_zero_dgi,inductive,60,46,712,2
0.9473381865981041,0.0,0.0,0.0,0.49310964649490713,-0.005621075001548533,0,1,823,22,0.0012135922330097073,0.9999999999999546,0.769031332744925,0.055320463660935806,gat_zero_dgi,inductive,60,47,846,22
0.9473381865981041,0.4444444444444444,0.1111111111111111,0.17777777777777778,0.56826458565589,0.19332431364899105,4,5,430,32,0.011494252873563192,0.8888888888888642,0.871264367816092,0.3013189092765445,gat_zero_dgi,inductive,60,48,471,36
0.9473381865981041,0.0,0.0,0.0,0.45098039215686275,-0.09300677931879099,0,29,391,56,0.06904761904761889,0.9999999999999821,0.4638605442176871,0.10087023018605087,gat_zero_dgi,inductive,60,49,476,56
0.7945229246658355,0.813953488372093,0.5857740585774058,0.681265206812652,0.82382480253386,0.6593686712527373,140,32,1883,99,0.016710182767624013,0.4142259414225924,0.9253285556660148,0.7255562453848338,fusion,inductive,61,42,2154,239
0.7945229246658355,0.0,0.0,0.0,0.49371766444937176,-0.011450214874840143,0,10,1336,24,0.00742942050520059,0.9999999999999584,0.6597944526993561,0.025337363601247907,fusion,inductive,61,43,1370,24
0.7945229246658355,0.0,0.0,0.0,0.4869396968719768,-0.02385590357208132,0,57,1510,24,0.036375239310784915,0.9999999999999584,0.5000265900872155,0.014403017399350336,fusion,inductive,61,44,1591,24
0.7945229246658355,0.0,0.0,0.0,0.4971169686985173,-0.005525710902651071,0,9,1207,5,0.007401315789473679,0.9999999999997999,0.6378289473684211,0.006468806749167237,fusion,inductive,61,45,1221,5
0.7945229246658355,0.0,0.0,0.0,0.49823819591261453,-0.0034524176899670377,0,3,707,2,0.00422535211267605,0.9999999999995,0.597887323943662,0.018504901960784314,fusion,inductive,61,46,712,2
0.7945229246658355,0.0,0.0,0.0,0.49250149970005996,-0.009747529867994788,0,3,821,22,0.0036407766990291216,0.9999999999999546,0.6793358340688438,0.03846698470556486,fusion,inductive,61,47,846,22
0.7945229246658355,0.5,0.027777777777777776,0.05263157894736842,0.5064042850489054,0.10410596103822242,1,1,434,35,0.0022988505747126384,0.9722222222221951,0.9093869731800767,0.3952177226613299,fusion,inductive,61,48,471,36
0.7945229246658355,0.0,0.0,0.0,0.4681564245810056,-0.01675415633166782,0,1,419,56,0.002380952380952375,0.9999999999999821,0.5709608843537415,0.1276198933253091,fusion,inductive,61,49,476,56
0.8531066930457332,0.7205240174672489,0.6903765690376569,0.7051282051282052,0.8345953525641026,0.669401451116671,165,64,1851,74,0.03342036553524803,0.3096234309623418,0.929036345958465,0.7685543677500357,gat_zero_dgi,inductive,61,42,2154,239
0.8531066930457332,0.0,0.0,0.0,0.4925925925925926,-0.014515558489317482,0,16,1330,24,0.011887072808320943,0.9999999999999584,0.6636639425458147,0.02631179814504845,gat_zero_dgi,inductive,61,43,1370,24
0.8531066930457332,0.0,0.0,0.0,0.4837767683322518,-0.0277186198507866,0,76,1491,24,0.04850031908104656,0.9999999999999584,0.5437406934694745,0.015867862160119577,gat_zero_dgi,inductive,61,44,1591,24
0.8531066930457332,0.0,0.0,0.0,0.490613266583229,-0.0118011209520286,0,40,1176,5,0.03289473684210524,0.9999999999997999,0.6881578947368421,0.007564494304986924,gat_zero_dgi,inductive,61,45,1221,5
0.8531066930457332,0.0,0.0,0.0,0.4978843441466855,-0.003989322902810117,0,4,706,2,0.0056338028169014,0.9999999999995,0.5169014084507042,0.0171470700152207,gat_zero_dgi,inductive,61,46,712,2
0.8531066930457332,0.0,0.0,0.0,0.49128081779915816,-0.014925049293206457,0,7,817,22,0.00849514563106795,0.9999999999999546,0.6539607237422771,0.03583430811875196,gat_zero_dgi,inductive,61,47,846,22
0.8531066930457332,0.5,0.08333333333333333,0.14285714285714285,0.5514285714285714,0.18109070935025182,3,3,432,33,0.0068965517241379145,0.9166666666666412,0.8784802043422734,0.41420194285384554,gat_zero_dgi,inductive,61,48,471,36
0.8531066930457332,0.0,0.0,0.0,0.4645669291338583,-0.04460997367454705,0,7,413,56,0.016666666666666625,0.9999999999999821,0.3631377551020408,0.08708057625814353,gat_zero_dgi,inductive,61,49,476,56
